,1,2,3,4,5,6,7,8,9,10,11,12,13,14,15,16,17,18,19,20,21,22,23,24,25,26,27,28,29,30,31,32,33,34,35,36,37,38,39,40,41,42,43,44,45,46,47,48,49,50,51,52,53,54,55,56,57,58,59,60,61,62,63,64,65,66,67,68,69,70,71,72,73,74,75,76,77,78,79,80,81,82,83,84,85,86,87,88,89,90,91,92,93,94,95,96,97,98,99,100,
TOOL_timeGatheringWithDevicePerActiveAgent_Basic23,0,0,0,0,0,387.133,287.133,250.8,419.867,434,19.5333,84.6,73.4,50.2,24.6,23.8667,3,0,0,0,0,0,0,0,0,0,0,0,0,0,0,0,0,0,0,0,0,0,0,0,0,0,0,0,0,0,0,0,0,0,0,0,0,0,0,0,0,0,0,0,0,0,0,0,0,0,0,0,0,0,0,0,0,0,0,0,0,0,0,0,0,0,0,0,0,0,0,0,0,0,0,0,0,0,0,0,0,0,0,0,
MACHINE_timeGatheringWithDevicePerActiveAgent_Basic23,0,0,0,0,0,0,0,0,0,0,68.5333,334.4,313.133,289.4,328.8,346.867,251.733,238.667,163.867,189,49.3333,26.5333,6.4,18.9333,0,0,0,0,0,0,0,0,0,0,0,0,0,0,0,0,0,0,0,0,0,0,0,0,0,0,0,0,0,0,0,0,0,0,0,0,0,0,0,0,0,0,0,0,0,0,0,0,0,0,0,0,0,0,0,0,0,0,0,0,0,0,0,0,0,0,0,0,0,0,0,0,0,0,0,0,
FACTORY_timeGatheringWithDevicePerActiveAgent_Basic23,0,0,0,0,0,0,0,0,0,0,0,0,0,0,0,0,28.7333,205.133,149.067,220.733,221.467,411.4,233.6,478.333,269.867,323.667,427.133,321.867,355.067,271.267,334.333,157.4,144.667,196.467,25.6,150.333,92.2,158.6,151.867,218.933,120.8,144.8,186.8,141,198.667,78.8,193.8,226.8,153.667,154.4,126.467,196.4,108.733,189.067,126.933,146.867,126.8,179.333,167.733,139.733,172.333,134.133,187.733,105.667,151.2,152.067,119.4,138.467,127.133,200.133,108.4,123.8,143,155.333,175.933,107.533,154.4,205.333,100.667,129.467,124.333,135.267,121.933,173.467,142.267,187.733,89.8,183.867,144.867,150.267,121.067,152.8,118.933,199.333,126.667,147.733,140.867,125.8,159.533,104.867,
INDUSTRY_timeGatheringWithDevicePerActiveAgent_Basic23,0,0,0,0,0,0,0,0,0,0,0,0,0,0,0,0,0,0,0,0,0,0,1.8,16.6667,59.2667,58,38.4,1.8,31.8667,60.0667,55.2667,116,197.733,114.467,185.667,222.6,205.933,346.2,200.067,208.4,148.133,203,169.533,202.667,292.333,195.733,234.533,201.8,227.8,196.267,172.6,249.267,225.467,314.467,244.667,259.733,172.6,250.467,270.6,175.8,221.867,210.267,302.533,171.8,246.067,197.667,216.2,271.267,258.867,289.467,241.467,178.667,279.867,209.733,246.333,237.8,235.2,253.333,228,238.8,224.933,250.067,229.067,254.8,252.267,292,223.4,233.267,178.733,234.6,251.333,216.733,176.6,319.933,306.267,206.667,175.4,268.533,289.867,238.867,
TOOL_timeGatheringWithDeviceByGroup 0_Basic23,0,0,0,0,0,400.5,272.1,246.6,405.9,429.9,17.4,81.9,66.6,40.8,13.5,27.9,4.5,0,0,0,0,0,0,0,0,0,0,0,0,0,0,0,0,0,0,0,0,0,0,0,0,0,0,0,0,0,0,0,0,0,0,0,0,0,0,0,0,0,0,0,0,0,0,0,0,0,0,0,0,0,0,0,0,0,0,0,0,0,0,0,0,0,0,0,0,0,0,0,0,0,0,0,0,0,0,0,0,0,0,0,
MACHINE_timeGatheringWithDeviceByGroup 0_Basic23,0,0,0,0,0,0,0,0,0,0,47.6,371,330,225,323.4,367.3,247.3,300.3,188.2,209,47.8,23.1,9.6,28.4,0,0,0,0,0,0,0,0,0,0,0,0,0,0,0,0,0,0,0,0,0,0,0,0,0,0,0,0,0,0,0,0,0,0,0,0,0,0,0,0,0,0,0,0,0,0,0,0,0,0,0,0,0,0,0,0,0,0,0,0,0,0,0,0,0,0,0,0,0,0,0,0,0,0,0,0,
FACTORY_timeGatheringWithDeviceByGroup 0_Basic23,0,0,0,0,0,0,0,0,0,0,0,0,0,0,0,0,9.4,139.8,117.2,196.8,144.9,427.7,199.9,475.6,286.5,315.6,479.3,353.9,449,337.7,377.4,220.1,206,220.2,24.6,191.7,112.9,210.4,173.1,255.6,130,161.3,207.3,187.6,279.4,99.7,225.7,315.7,196.8,191.1,131.7,198.7,145,241.9,164,196.3,155.4,237.7,210.7,182,222.5,171.4,250.4,138.5,181,201.8,158.9,169.8,162.6,261.8,140.9,154.8,173.2,161.9,239.4,128.5,220.9,272,118.7,172.5,155.7,165.7,151.9,217.1,193,236.1,97.7,200.1,184.5,187.7,159.6,205.3,148,249.4,159.9,189.3,181.2,141,206.2,124.2,
INDUSTRY_timeGatheringWithDeviceByGroup 0_Basic23,0,0,0,0,0,0,0,0,0,0,0,0,0,0,0,0,0,0,0,0,0,0,0,0,0,0,0,0,0,0,27.5,65.7,120.4,48.8,113.3,203.6,124.6,258.3,186.3,209.4,155.5,140.7,184.7,202.2,221.2,149.4,188.2,248.7,235.1,180.5,126.9,194.5,242.4,260.8,189.5,216.3,148.7,209.2,229.2,192.4,197.5,192.1,231.9,148.9,173.5,169.5,234.3,267,189,264.4,198.6,156.4,203.3,193.8,275.3,196.2,222.3,269.6,206,188.7,189.4,178.9,217.8,222,241.6,244.4,185.4,213.4,225.3,176.8,208.1,202.5,202.3,262.6,240.7,214.4,203.5,178.9,219.9,200.1,
TOOL_timeGatheringWithDeviceByGroup 1_Basic23,0,0,0,0,0,360.4,317.2,259.2,447.8,442.2,23.8,90,87,69,46.8,15.8,0,0,0,0,0,0,0,0,0,0,0,0,0,0,0,0,0,0,0,0,0,0,0,0,0,0,0,0,0,0,0,0,0,0,0,0,0,0,0,0,0,0,0,0,0,0,0,0,0,0,0,0,0,0,0,0,0,0,0,0,0,0,0,0,0,0,0,0,0,0,0,0,0,0,0,0,0,0,0,0,0,0,0,0,
MACHINE_timeGatheringWithDeviceByGroup 1_Basic23,0,0,0,0,0,0,0,0,0,0,110.4,261.2,279.4,418.2,339.6,306,260.6,115.4,115.2,149,52.4,33.4,0,0,0,0,0,0,0,0,0,0,0,0,0,0,0,0,0,0,0,0,0,0,0,0,0,0,0,0,0,0,0,0,0,0,0,0,0,0,0,0,0,0,0,0,0,0,0,0,0,0,0,0,0,0,0,0,0,0,0,0,0,0,0,0,0,0,0,0,0,0,0,0,0,0,0,0,0,0,
FACTORY_timeGatheringWithDeviceByGroup 1_Basic23,0,0,0,0,0,0,0,0,0,0,0,0,0,0,0,0,67.4,335.8,212.8,268.6,374.6,378.8,301,483.8,236.6,339.8,322.8,257.8,167.2,138.4,248.2,32,22,149,27.6,67.6,50.8,55,109.4,145.6,102.4,111.8,145.8,47.8,37.2,37,130,49,67.4,81,116,191.8,36.2,83.4,52.8,48,69.6,62.6,81.8,55.2,72,59.6,62.4,40,91.6,52.6,40.4,75.8,56.2,76.8,43.4,61.8,82.6,142.2,49,65.6,21.4,72,64.6,43.4,61.6,74.4,62,86.2,40.8,91,74,151.4,65.6,75.4,44,47.8,60.8,99.2,60.2,64.6,60.2,95.4,66.2,66.2,
INDUSTRY_timeGatheringWithDeviceByGroup 1_Basic23,0,0,0,0,0,0,0,0,0,0,0,0,0,0,0,0,0,0,0,0,0,0,5.4,50,177.8,174,115.2,5.4,95.6,180.2,110.8,216.6,352.4,245.8,330.4,260.6,368.6,522,227.6,206.4,133.4,327.6,139.2,203.6,434.6,288.4,327.2,108,213.2,227.8,264,358.8,191.6,421.8,355,346.6,220.4,333,353.4,142.6,270.6,246.6,443.8,217.6,391.2,254,180,279.8,398.6,339.6,327.2,223.2,433,241.6,188.4,321,261,220.8,272,339,296,392.4,251.6,320.4,273.6,387.2,299.4,273,85.6,350.2,337.8,245.2,125.2,434.6,437.4,191.2,119.2,447.8,429.8,316.4,

TOOL timeMakingDevicesPerActiveAgent_Basic23,0,0,0,0,0,214.333,293.6,275.733,91.9333,74.7333,349.533,153.6,184.2,184.667,158.733,156.733,196.2,95.5333,170.933,111.733,195.533,104.333,226.267,54.4667,178.867,147.067,92.8667,179.6,137.4,178.333,133.733,196.8,153.4,183.267,246,149.467,198,66,168.667,115.6,231.2,170.467,170.467,184.333,74.4667,228.267,124.8,120.067,153.667,180.267,214.4,112.4,189.667,72.0667,163.467,137,221.067,122.533,120,209.133,148.867,180.133,79.2667,235.467,146.467,182.467,194.4,141.733,153.6,79.3333,182.6,216.133,129.6,170.533,129.8,184.933,153.667,103.2,197.133,170.6,184.8,156.067,182.533,124.933,151.267,88.8667,211.467,134.533,204.8,154.8,169.333,168,225.733,60,122.467,180.8,208.333,151.333,110.4,189.8,
MACHINE timeMakingDevicesPerActiveAgent_Basic23,0,0,0,0,0,0,0,0,0,0,161.6,26.7333,29.3333,75.2667,87.1333,71.9333,108.933,52.6,97.6667,62.6,98.0667,41.2,84,22.6667,61.6,45,28.2,62.8,49.8,61.6667,51.5333,84.2667,69.1333,75.0667,90.2667,50.6,63.6667,18.1333,50.2667,36.4,63.7333,52.1333,44.2667,47,22.3333,63.3333,31.5333,30.4,39.5333,47.4667,58.3333,28.2667,47.4667,18.4667,42.2,34.2,55.4,30.7333,30.2,52.2667,37.4,49.8667,22,58.9333,37.5333,45.6667,48.6,35.7333,39.5333,19.8,45.8,56.3333,32.4667,45.2,32.4,46.8,38.4,25.8,50.2,43.0667,46.2,39.0667,45.7333,31.5333,38.1333,22.4667,52.9333,33.6,50.5333,39,42.6667,42,56.4667,15,30.6,45,52.2667,37.8667,27.6,47.4,
FACTORY timeMakingDevicesPerActiveAgent_Basic23,0,0,0,0,0,0,0,0,0,0,0,0,0,0,0,0,10.5333,6.93333,17.0667,14.5333,33.7333,15.2667,44.2667,7.8,26.9333,24,11.6,32.3333,22.8,27,21.2,36.8,28.4,23,42,21.8667,30.2,9.86667,21.0667,18.0667,28.3333,21.5333,23.4,20.4667,10.6,25.1333,11.9333,15.3333,23.1333,18.5333,20,11.6667,22.0667,4.4,15.9333,17.8667,19.7333,13.8,8.06667,18.4,15.4667,20.9333,6.93333,22.6,16.0667,16.2667,18.1333,10.3333,16.0667,9.53333,17.8667,21.2,11.5333,14.0667,13.3333,19.1333,14.2667,9.53333,18.6,16.2,16.0667,13.7333,15.7333,13.4,12.9333,6.8,17.5333,11.7333,17.9333,16.4,13,15.1333,18.0667,4.66667,10.6667,15.2667,18.6667,13.7333,9.53333,14.4667,
INDUSTRY timeMakingDevicesPerActiveAgent_Basic23,0,0,0,0,0,0,0,0,0,0,0,0,0,0,0,0,0,0,0,0,0,0,1.73333,0,1.73333,1,0.666667,0,1.73333,0,2.33333,6.93333,5.2,6.2,8.6,3.8,8.06667,0,6.26667,1.4,5.93333,6.4,3.8,3.06667,0.666667,6.93333,2.26667,4.33333,0.866667,2,6.4,1,4.86667,0.733333,5.06667,3,2.73333,1.73333,2.26667,2.8,2.6,3,0.6,3.8,1.2,4.13333,1.93333,1.2,3.53333,0.6,2.4,2.46667,2.33333,3.53333,1.2,2.4,2.86667,1.8,3.53333,0.6,2.4,4.2,3.4,0.6,1.8,1.26667,3,1.8,1.8,3.53333,1.2,3.8,2.66667,0,1.8,2.73333,3,1.33333,1.73333,3.06667,
DEVMACHINE timeMakingDevicesPerActiveAgent_Basic23,0,0,0,0,0,0,0,0,0,0,0,0,0,0,0,0,0,0,0,0,0,0,0,0,0,0,0,0,0,0,0,0,0,0,0,0,0,0,0,0,0,0,0,0,0,0,0,0,0,0,0,0,0,0,0,0,0,0,0,0,0,0,0,0,0,0,0,0,0,0,0,0,0,0,0,0,0,0,0,0,0,0,0,0,0,0,0,0,0,0,0,0,0,0,0,0,0,0,0,0,
DEVFACTORY timeMakingDevicesPerActiveAgent_Basic23,0,0,0,0,0,0,0,0,0,0,0,0,0,0,0,0,0,0,0,0,0,0,0,0,0,0,0,0,0,0,0,0,0,0,0,0,0,0,0,0,0,0,0,0,0,0,0,0,0,0,0,0,0,0,0,0,0,0,0,0,0,0,0,0,0,0,0,0,0,0,0,0,0,0,0,0,0,0,0,0,0,0,0,0,0,0,0,0,0,0,0,0,0,0,0,0,0,0,0,0,
TOOL timeMakingDevicesByGroup 0_Basic23,0,0,0,0,0,201.5,301.3,272.5,99.6,74.8,357.8,125.6,180,228.9,171.1,144.7,225.7,113.9,185.7,115.6,272,103.2,265.4,67.3,221.8,206.2,86.5,164.7,103.5,170.4,129.6,185.4,158.4,208.1,287.1,130.6,234.9,90,162,87.4,218.1,203.5,143.2,153.2,64.9,245,134.1,25.2,118,163.3,240.6,150.6,152.1,70.3,178.5,135.2,218.2,109.1,118.8,168.5,128.8,167.6,83.8,229.9,178.2,165.6,152.1,121.7,177.3,55,189.3,207.2,162,174.8,61.2,201.8,115.3,42.3,199.2,173.1,188.1,184.6,169.2,115.4,120.7,87.4,232.6,134.3,141.3,169.2,172.1,140.4,185.6,63.9,144.1,145,155.9,204.5,125.1,204.5,
MACHINE timeMakingDevicesByGroup 0_Basic23,0,0,0,0,0,0,0,0,0,0,176.6,21.4,23.6,105,91.5,59.9,99.3,42.6,92.7,66.3,105.9,38.6,86.1,25.3,67.4,52,22.6,51.4,31.5,63.9,44.9,81.4,73.3,82.7,111.2,49.8,78.8,25.3,50.9,29.7,61.3,63.3,38.4,39.5,21.8,69.3,34.5,6.3,31.2,45.1,67.7,38.8,39.6,20.5,47.9,34.2,55.2,29,30.9,42.3,34.5,49.6,24.9,57.8,46.4,42.4,38.7,31.1,46.7,14.4,48,55.7,41.5,48,16.9,50.4,28.8,10.8,52.7,44.8,47.7,46.9,43.4,30.2,32,22.9,58.7,34.2,36,43.2,43.3,36,46.9,17.1,36.9,36.9,39.7,52.3,32.4,51.3,
FACTORY timeMakingDevicesByGroup 0_Basic23,0,0,0,0,0,0,0,0,0,0,0,0,0,0,0,0,13.2,2.6,15.2,11.3,27.6,6.3,37.1,2.6,22.6,24.9,10.5,28.6,15,26.4,16.6,40.5,35.4,29.3,51.7,21,37.2,14.8,20.8,15.6,27.2,22.5,22.1,14.4,10.7,27,14.2,3.4,16.3,16.8,22.5,14.9,18.3,4.7,15,15.2,18.3,11.1,8.4,11,12.6,16.8,7.3,21.3,17.7,14.7,12.9,8.2,18.8,3.6,19.1,22.6,15.3,15.5,6.3,19,10.6,3.6,17.1,18.5,16,17.9,13.1,13.2,10.6,7.5,20.1,13.9,11.6,17.3,13.8,12.6,13.4,6.1,14.2,12,15.7,19.7,12.5,15.7,
INDUSTRY timeMakingDevicesByGroup 0_Basic23,0,0,0,0,0,0,0,0,0,0,0,0,0,0,0,0,0,0,0,0,0,0,0,0,0,0,0,0,0,0,2.6,5.2,5.2,9.3,10.4,2.2,9.5,0,5,1.2,6.3,7,2.6,1.8,1,7.8,2.1,0,1.3,2.1,8.6,1.5,1,1.1,3.4,1.8,2.3,2.6,0.9,2.1,2.7,1,0.9,1.9,1.8,4.4,1.8,0.9,4.4,0,2.7,1.9,3.5,4.4,0,2.7,0.9,0.9,4.4,0.9,1.8,4.4,3.3,0.9,0.9,0.9,3.6,2.7,0,4.4,1.8,1.8,2.2,0,2.7,0.9,2.7,2,2.6,2.7,
DEVMACHINE timeMakingDevicesByGroup 0_Basic23,0,0,0,0,0,0,0,0,0,0,0,0,0,0,0,0,0,0,0,0,0,0,0,0,0,0,0,0,0,0,0,0,0,0,0,0,0,0,0,0,0,0,0,0,0,0,0,0,0,0,0,0,0,0,0,0,0,0,0,0,0,0,0,0,0,0,0,0,0,0,0,0,0,0,0,0,0,0,0,0,0,0,0,0,0,0,0,0,0,0,0,0,0,0,0,0,0,0,0,0,
DEVFACTORY timeMakingDevicesByGroup 0_Basic23,0,0,0,0,0,0,0,0,0,0,0,0,0,0,0,0,0,0,0,0,0,0,0,0,0,0,0,0,0,0,0,0,0,0,0,0,0,0,0,0,0,0,0,0,0,0,0,0,0,0,0,0,0,0,0,0,0,0,0,0,0,0,0,0,0,0,0,0,0,0,0,0,0,0,0,0,0,0,0,0,0,0,0,0,0,0,0,0,0,0,0,0,0,0,0,0,0,0,0,0,
TOOL timeMakingDevicesByGroup 1_Basic23,0,0,0,0,0,240,278.2,282.2,76.6,74.6,333,209.6,192.6,96.2,134,180.8,137.2,58.8,141.4,104,42.6,106.6,148,28.8,93,28.8,105.6,209.4,205.2,194.2,142,219.6,143.4,133.6,163.8,187.2,124.2,18,182,172,257.4,104.4,225,246.6,93.6,194.8,106.2,309.8,225,214.2,162,36,264.8,75.6,133.4,140.6,226.8,149.4,122.4,290.4,189,205.2,70.2,246.6,83,216.2,279,181.8,106.2,128,169.2,234,64.8,162,267,151.2,230.4,225,193,165.6,178.2,99,209.2,144,212.4,91.8,169.2,135,331.8,126,163.8,223.2,306,52.2,79.2,252.4,313.2,45,81,160.4,
MACHINE timeMakingDevicesByGroup 1_Basic23,0,0,0,0,0,0,0,0,0,0,131.6,37.4,40.8,15.8,78.4,96,128.2,72.6,107.6,55.2,82.4,46.4,79.8,17.4,50,31,39.4,85.6,86.4,57.2,64.8,90,60.8,59.8,48.4,52.2,33.4,3.8,49,49.8,68.6,29.8,56,62,23.4,51.4,25.6,78.6,56.2,52.2,39.6,7.2,63.2,14.4,30.8,34.2,55.8,34.2,28.8,72.2,43.2,50.4,16.2,61.2,19.8,52.2,68.4,45,25.2,30.6,41.4,57.6,14.4,39.6,63.4,39.6,57.6,55.8,45.2,39.6,43.2,23.4,50.4,34.2,50.4,21.6,41.4,32.4,79.6,30.6,41.4,54,75.6,10.8,18,61.2,77.4,9,18,39.6,
FACTORY timeMakingDevicesByGroup 1_Basic23,0,0,0,0,0,0,0,0,0,0,0,0,0,0,0,0,5.2,15.6,20.8,21,46,33.2,58.6,18.2,35.6,22.2,13.8,39.8,38.4,28.2,30.4,29.4,14.4,10.4,22.6,23.6,16.2,0,21.6,23,30.6,19.6,26,32.6,10.4,21.4,7.4,39.2,36.8,22,15,5.2,29.6,3.8,17.8,23.2,22.6,19.2,7.4,33.2,21.2,29.2,6.2,25.2,12.8,19.4,28.6,14.6,10.6,21.4,15.4,18.4,4,11.2,27.4,19.4,21.6,21.4,21.6,11.6,16.2,5.4,21,13.8,17.6,5.4,12.4,7.4,30.6,14.6,11.4,20.2,27.4,1.8,3.6,21.8,24.6,1.8,3.6,12,
INDUSTRY timeMakingDevicesByGroup 1_Basic23,0,0,0,0,0,0,0,0,0,0,0,0,0,0,0,0,0,0,0,0,0,0,5.2,0,5.2,3,2,0,5.2,0,1.8,10.4,5.2,0,5,7,5.2,0,8.8,1.8,5.2,5.2,6.2,5.6,0,5.2,2.6,13,0,1.8,2,0,12.6,0,8.4,5.4,3.6,0,5,4.2,2.4,7,0,7.6,0,3.6,2.2,1.8,1.8,1.8,1.8,3.6,0,1.8,3.6,1.8,6.8,3.6,1.8,0,3.6,3.8,3.6,0,3.6,2,1.8,0,5.4,1.8,0,7.8,3.6,0,0,6.4,3.6,0,0,3.8,
DEVMACHINE timeMakingDevicesByGroup 1_Basic23,0,0,0,0,0,0,0,0,0,0,0,0,0,0,0,0,0,0,0,0,0,0,0,0,0,0,0,0,0,0,0,0,0,0,0,0,0,0,0,0,0,0,0,0,0,0,0,0,0,0,0,0,0,0,0,0,0,0,0,0,0,0,0,0,0,0,0,0,0,0,0,0,0,0,0,0,0,0,0,0,0,0,0,0,0,0,0,0,0,0,0,0,0,0,0,0,0,0,0,0,
DEVFACTORY timeMakingDevicesByGroup 1_Basic23,0,0,0,0,0,0,0,0,0,0,0,0,0,0,0,0,0,0,0,0,0,0,0,0,0,0,0,0,0,0,0,0,0,0,0,0,0,0,0,0,0,0,0,0,0,0,0,0,0,0,0,0,0,0,0,0,0,0,0,0,0,0,0,0,0,0,0,0,0,0,0,0,0,0,0,0,0,0,0,0,0,0,0,0,0,0,0,0,0,0,0,0,0,0,0,0,0,0,0,0,

timeGatheringWithoutDevicePerActiveAgent_Basic23,602.333,604.667,603.067,603.8,603.133,0,21.4667,74.9333,90.0667,92.4667,0,0,0,0,0,0,0,0,0,0,0,0,0,0,0,0,0,0,0,0,0,0,0,0,0,0,0,0,0,0,0,0,0,0,0,0,0,0,0,0,0,0,0,0,0,0,0,0,0,0,0,0,0,0,0,0,0,0,0,0,0,0,0,0,0,0,0,0,0,0,0,0,0,0,0,0,0,0,0,0,0,0,0,0,0,0,0,0,0,0,
timeGatheringWithoutDeviceByGroup 0_Basic23,603,603,603,603,603,0,29.7,83.7,97.2,97.2,0,0,0,0,0,0,0,0,0,0,0,0,0,0,0,0,0,0,0,0,0,0,0,0,0,0,0,0,0,0,0,0,0,0,0,0,0,0,0,0,0,0,0,0,0,0,0,0,0,0,0,0,0,0,0,0,0,0,0,0,0,0,0,0,0,0,0,0,0,0,0,0,0,0,0,0,0,0,0,0,0,0,0,0,0,0,0,0,0,0,
timeGatheringWithoutDeviceByGroup 1_Basic23,601,608,603.2,605.4,603.4,0,5,57.4,75.8,83,0,0,0,0,0,0,0,0,0,0,0,0,0,0,0,0,0,0,0,0,0,0,0,0,0,0,0,0,0,0,0,0,0,0,0,0,0,0,0,0,0,0,0,0,0,0,0,0,0,0,0,0,0,0,0,0,0,0,0,0,0,0,0,0,0,0,0,0,0,0,0,0,0,0,0,0,0,0,0,0,0,0,0,0,0,0,0,0,0,0,


TOOL_timeGatheringWithDevicePerActiveAgent_Basic23,0,0,0,0,0,388.333,303.933,293.867,307.2,349.6,354.067,108.867,563.733,462.2,512.267,511.8,510.6,520.6,159.2,176.933,85.6,58.6,127.933,3.8,0,0,0,0,0,0,0,0,0,0,0,0,0,0,0,0,0,0,0,0,0,0,0,0,0,0,0,0,0,0,0,0,0,0,0,0,0,0,0,0,0,0,0,0,0,0,0,0,0,0,0,0,0,0,0,0,0,0,0,0,0,0,0,0,0,0,0,0,0,0,0,0,0,0,0,0,
MACHINE_timeGatheringWithDevicePerActiveAgent_Basic23,0,0,0,0,0,0,0,0,0,0,0,0,0,0,0,0,0,0,276.733,296.733,310,360.533,301.733,275,350.533,379.133,214.667,311,48.3333,37.5333,45.5333,9,39.1333,37.8667,18.6667,10.2667,3.2,2.8,2.06667,5.26667,0,0,0,0,0,0,0,0,0,0,0,0,0,0,0,0,0,0,0,0,0,0,0,0,0,0,0,0,0,0,0,0,0,0,0,0,0,0,0,0,0,0,0,0,0,0,0,0,0,0,0,0,0,0,0,0,0,0,0,0,
FACTORY_timeGatheringWithDevicePerActiveAgent_Basic23,0,0,0,0,0,0,0,0,0,0,0,0,0,0,0,0,0,0,0,0,0,0,0,0,36.6667,50.8667,134.867,128.667,192.933,379.333,347.6,368.2,385.333,317.267,325.4,309.867,348.933,301.533,231.2,319.467,73.8,211.933,178.667,149.4,133.267,96.2,188.6,199.467,77.2667,146.533,244.533,181.8,117.8,192.4,204.867,180.667,146.467,79.9333,180.6,262.8,199.2,128.467,171.2,200.4,191.867,152.267,206.2,213.6,249.4,189,143.333,253.733,122.467,220.933,172.067,239.133,135.267,268.867,234.733,190.533,186.533,187.733,141.6,269,173.333,256.933,212.067,138.2,195.533,208.733,223.733,229.067,174.667,231.533,157.467,186.267,263.8,257.533,99.4,238.467,
INDUSTRY_timeGatheringWithDevicePerActiveAgent_Basic23,0,0,0,0,0,0,0,0,0,0,0,0,0,0,0,0,0,0,0,0,0,0,0,0,0,0,0,0,0,0,0,0,0,0,57.4,28.7333,42.9333,62.5333,59.8,69.6,151.667,186.4,142.067,193.2,209.867,194.6,262.4,193.933,146.933,212.133,189.6,184.6,216.867,255.2,164.8,200.467,228.867,216.933,198.8,198,252.933,266.067,215.2,128.6,252.733,192.733,226.533,145.8,169.4,227.6,203.067,201.067,110.933,202.267,258.133,170.267,103.333,264,252.733,168.133,136.8,181,179.067,264.2,170.333,214.8,207.467,162.467,165,194.267,203.133,244.267,139.6,176.6,151.267,220,205.8,201.133,188.133,257.533,
TOOL_timeGatheringWithDeviceByGroup 0_Basic23,0,0,0,0,0,381.9,280.5,305.4,290.7,334.5,329.7,98.7,578.7,451.8,512.1,509.7,511.2,517.8,121.2,135.3,100.8,68.4,169.2,5.7,0,0,0,0,0,0,0,0,0,0,0,0,0,0,0,0,0,0,0,0,0,0,0,0,0,0,0,0,0,0,0,0,0,0,0,0,0,0,0,0,0,0,0,0,0,0,0,0,0,0,0,0,0,0,0,0,0,0,0,0,0,0,0,0,0,0,0,0,0,0,0,0,0,0,0,0,
MACHINE_timeGatheringWithDeviceByGroup 0_Basic23,0,0,0,0,0,0,0,0,0,0,0,0,0,0,0,0,0,0,265.1,295.1,208,362.8,298.5,173.5,368,389.7,318.6,404.8,57.6,25,48.4,13.5,58.7,56.8,28,15.4,4.8,0,0,0,0,0,0,0,0,0,0,0,0,0,0,0,0,0,0,0,0,0,0,0,0,0,0,0,0,0,0,0,0,0,0,0,0,0,0,0,0,0,0,0,0,0,0,0,0,0,0,0,0,0,0,0,0,0,0,0,0,0,0,0,
FACTORY_timeGatheringWithDeviceByGroup 0_Basic23,0,0,0,0,0,0,0,0,0,0,0,0,0,0,0,0,0,0,0,0,0,0,0,0,17.3,24.7,13.8,57.3,106.4,360.3,263.8,336.2,313.7,231.9,328.1,323.9,420.2,344.7,290.9,428.2,106.3,294.2,186.8,206.2,192.3,127.8,274.3,282.4,107,188.4,334.1,251,156.3,260.5,284.9,246.1,196,101.5,239.4,375.4,270.4,172.1,224.5,282.1,260.2,206.9,293.1,242,358.9,249.4,189.4,353.3,145.9,304.3,231.2,325.1,176.4,350.9,314.5,243.4,258.2,216.8,175.9,364.8,227.9,333.1,284.6,169.4,252.8,262.9,301.4,296.6,235.6,298.3,187.9,240.5,362.8,333.5,109.7,318.7,
INDUSTRY_timeGatheringWithDeviceByGroup 0_Basic23,0,0,0,0,0,0,0,0,0,0,0,0,0,0,0,0,0,0,0,0,0,0,0,0,0,0,0,0,0,0,0,0,0,0,0,0,0,0,0.9,63.9,125.6,149.8,111.6,168.5,138.8,161.2,162.1,122.5,100.4,140.7,137.7,104.9,112.3,207.2,148.6,179.3,126.9,175.9,104.7,170.3,156.7,195.9,161.3,124.3,150.9,112.4,142.4,160.6,187.6,156.6,122.9,172.3,126.2,140.7,136.4,159.1,116.3,186.9,178.9,157.7,144.1,114.5,75.2,179.5,173.3,170,164.6,115.9,111.8,123.4,175.3,178.1,162.7,149.4,104.3,129.8,185.7,189.9,90.4,168.1,
TOOL_timeGatheringWithDeviceByGroup 1_Basic23,0,0,0,0,0,401.2,350.8,270.8,340.2,379.8,402.8,129.2,533.8,483,512.6,516,509.4,526.2,235.2,260.2,55.2,39,45.4,0,0,0,0,0,0,0,0,0,0,0,0,0,0,0,0,0,0,0,0,0,0,0,0,0,0,0,0,0,0,0,0,0,0,0,0,0,0,0,0,0,0,0,0,0,0,0,0,0,0,0,0,0,0,0,0,0,0,0,0,0,0,0,0,0,0,0,0,0,0,0,0,0,0,0,0,0,
MACHINE_timeGatheringWithDeviceByGroup 1_Basic23,0,0,0,0,0,0,0,0,0,0,0,0,0,0,0,0,0,0,300,300,514,356,308.2,478,315.6,358,6.8,123.4,29.8,62.6,39.8,0,0,0,0,0,0,8.4,6.2,15.8,0,0,0,0,0,0,0,0,0,0,0,0,0,0,0,0,0,0,0,0,0,0,0,0,0,0,0,0,0,0,0,0,0,0,0,0,0,0,0,0,0,0,0,0,0,0,0,0,0,0,0,0,0,0,0,0,0,0,0,0,
FACTORY_timeGatheringWithDeviceByGroup 1_Basic23,0,0,0,0,0,0,0,0,0,0,0,0,0,0,0,0,0,0,0,0,0,0,0,0,75.4,103.2,377,271.4,366,417.4,515.2,432.2,528.6,488,320,281.8,206.4,215.2,111.8,102,8.8,47.4,162.4,35.8,15.2,33,17.2,33.6,17.8,62.8,65.4,43.4,40.8,56.2,44.8,49.8,47.4,36.8,63,37.6,56.8,41.2,64.6,37,55.2,43,32.4,156.8,30.4,68.2,51.2,54.6,75.6,54.2,53.8,67.2,53,104.8,75.2,84.8,43.2,129.6,73,77.4,64.2,104.6,67,75.8,81,100.4,68.4,94,52.8,98,96.6,77.8,65.8,105.6,78.8,78,
INDUSTRY_timeGatheringWithDeviceByGroup 1_Basic23,0,0,0,0,0,0,0,0,0,0,0,0,0,0,0,0,0,0,0,0,0,0,0,0,0,0,0,0,0,0,0,0,0,0,172.2,86.2,128.8,187.6,177.6,81,203.8,259.6,203,242.6,352,261.4,463,336.8,240,355,293.4,344,426,351.2,197.2,242.8,432.8,299,387,253.4,445.4,406.4,323,137.2,456.4,353.4,394.8,116.2,133,369.6,363.4,258.6,80.4,325.4,501.6,192.6,77.4,418.2,400.4,189,122.2,314,386.8,433.6,164.4,304.4,293.2,255.6,271.4,336,258.8,376.6,93.4,231,245.2,400.4,246,223.6,383.6,436.4,

TOOL timeMakingDevicesPerActiveAgent_Basic23,0,0,0,0,0,212.933,76.5333,274.467,69.8667,56.5333,61.6667,491.867,36.7333,138.667,88.1333,88.4,90.3333,80,125.267,86.5333,133.867,116.4,99.2,158.867,121.733,94,143.4,91.8,214.333,111.067,129.667,145.533,116.533,164.6,120.667,172.933,133.4,153,194.467,133.8,240.867,129.133,187.267,170.067,171.8,208,101.2,139.267,255.933,172.8,115.6,161.8,185.533,107.467,156.4,157.2,162.867,213.867,158.467,98.4667,103.067,147.4,152,195,110.467,185.267,122.467,173.067,135.067,132.2,180.4,103.467,269.333,132.133,126.6,132.133,266.6,50.4,81.6,175.467,204.867,171.4,205.867,48,187.467,96,129.867,219.267,172.333,146.4,129.667,93.6,211.333,139.333,213.733,144,93.6,105.6,233.267,74.5333,
MACHINE timeMakingDevicesPerActiveAgent_Basic23,0,0,0,0,0,0,0,0,0,0,0,0,0,0,0,0,0,0,38.7333,39.4,69.9333,63.8,70.3333,161.267,86.5333,72.0667,85.5333,53.5333,102.533,53.4667,52.8,52.6667,37.3333,53.3333,53.5333,51.3333,49.4667,53.2667,72.6,52.1333,84.8,48.2,62.3333,56.7333,52.4667,63.8,31,42.4,73.8,46.0667,32.1333,48.0667,51.1333,28.2,46.3333,40.2,43.8667,58,40.0667,24.7333,30.6667,41.4,40.6667,50,27.9333,47.6,30.6667,43.3333,33.6,33.1333,47.5333,26.9333,67.3333,33.0667,31.8667,36.6,66.7333,12.6,20.4667,43.8667,51.1333,43.9333,52.9333,12,48.0667,24,36.0667,58.2667,45.8,37.7333,32.4,23.4,53,39.4667,55.5333,37,23.4,26.4,60.2667,20.4,
FACTORY timeMakingDevicesPerActiveAgent_Basic23,0,0,0,0,0,0,0,0,0,0,0,0,0,0,0,0,0,0,0,0,0,0,0,0,3.53333,3,20.3333,14.0667,39.8667,17.2667,22.8,23.0667,20.4,25.5333,19.5333,23.4667,18.8667,25.4667,32.8667,15.2667,39,19.2667,23.0667,22.2667,24.1333,29.5333,14.8,18.3333,34.9333,20.8667,14.5333,20.4,20.6667,13.4667,24.2667,17.1333,14.7333,24,19.2,11.2667,10.4667,14.0667,17.6667,20.4,13.5333,16.7333,12.5333,17.8667,11.4667,13.7333,19.0667,10.7333,24.4667,10,9.46667,14.5333,22.2,3.2,7.46667,16.7333,16.5333,12.8,16.2,5.2,15.8667,7.13333,10.2,18.4667,15.4667,10.9333,8.33333,6.93333,16.4667,10.6667,15.5333,10.8,9.4,7.66667,16.4,5.93333,
INDUSTRY timeMakingDevicesPerActiveAgent_Basic23,0,0,0,0,0,0,0,0,0,0,0,0,0,0,0,0,0,0,0,0,0,0,0,0,0,0,0,0,0,0,0,0,0,0,3.46667,1.73333,1.73333,0,5.2,3.4,7.86667,3.46667,5.13333,6.86667,6.66667,6.2,0.8,5.13333,9.6,0.6,2.4,1.86667,6.66667,2.06667,1.73333,2.93333,1.53333,5.4,1.53333,3.46667,2.46667,1.26667,2,4.06667,2.53333,4.06667,0.6,4.66667,0,3.13333,5.53333,2.93333,3.8,0.6,0.6,5.46667,4.13333,0,1.73333,3.73333,2.66667,1.8,2.66667,0.666667,3.2,0,3.06667,1.8,4.33333,0.6,1.2,1.6,3.53333,1.2,4.8,0.6,2.86667,0.6,1.2,2.06667,
DEVMACHINE timeMakingDevicesPerActiveAgent_Basic23,0,0,0,0,0,0,0,0,0,0,0,0,0,0,0,0,0,0,0,0,0,0,0,0,0,0,0,0,0,0,0,0,0,0,0,0,0,0,0,0,0,0,0,0,0,0,0,0,0,0,0,0,0,0,0,0,0,0,0,0,0,0,0,0,0,0,0,0,0,0,0,0,0,0,0,0,0,0,0,0,0,0,0,0,0,0,0,0,0,0,0,0,0,0,0,0,0,0,0,0,
DEVFACTORY timeMakingDevicesPerActiveAgent_Basic23,0,0,0,0,0,0,0,0,0,0,0,0,0,0,0,0,0,0,0,0,0,0,0,0,0,0,0,0,0,0,0,0,0,0,0,0,0,0,0,0,0,0,0,0,0,0,0,0,0,0,0,0,0,0,0,0,0,0,0,0,0,0,0,0,0,0,0,0,0,0,0,0,0,0,0,0,0,0,0,0,0,0,0,0,0,0,0,0,0,0,0,0,0,0,0,0,0,0,0,0,
TOOL timeMakingDevicesByGroup 0_Basic23,0,0,0,0,0,220,74.9,268.4,72.9,51.7,59.3,502.3,22.3,149.4,88.6,90.9,90.3,83.1,155.7,113,185.8,120.9,92.6,219.4,135.7,113.6,176.1,102.9,260,153,193.6,176.5,159.4,221.2,172,183,116.7,179.2,192.6,65.1,243.9,103.5,204.4,151.2,180.8,218.9,108,135.9,278.2,198,90,170.7,238.7,96.3,107.1,126.9,199.3,228,183.7,39.6,119.4,164.3,151.4,137.7,136.9,203.1,121.5,146,39.6,143.4,206.7,54.2,241.8,115.4,172.8,81,224.4,46.8,79.2,147.7,145.3,197.7,254.8,41.4,147.6,72,108.2,229,167.5,157.5,91.8,93.6,151.4,108.2,224.3,169.2,36.9,57.6,296.8,81.9,
MACHINE timeMakingDevicesByGroup 0_Basic23,0,0,0,0,0,0,0,0,0,0,0,0,0,0,0,0,0,0,58.1,56.5,104.9,47.7,39.7,200.6,73.1,66.9,81.4,34.9,132.1,55.7,66.3,62,48.8,68.4,57.3,55.8,43.7,48.8,71.1,26.7,73.7,31.3,64.3,51.6,53.8,62.2,30.8,38,71.2,51.9,23.3,48.6,64.9,25.1,37.5,33.1,54.9,64.2,46.5,9.9,37.9,48.6,42.1,36.8,34.7,53.4,30.7,37.9,9.9,36.2,55.1,15.2,61.3,28.9,44.2,26.1,56.9,11.7,19.9,37,37.1,51.5,66.8,10.8,38.7,18,32.4,63.1,47.1,41.3,23.4,24.3,38.1,34,59.9,44.7,9.9,14.4,77.8,23.3,
FACTORY timeMakingDevicesByGroup 0_Basic23,0,0,0,0,0,0,0,0,0,0,0,0,0,0,0,0,0,0,0,0,0,0,0,0,5.3,4.5,9.3,0,42,5.1,26.3,10.5,18.3,20.5,13.6,20.5,13.3,26,40.3,12.9,39.4,17.3,26,16.1,25,27,22.2,16.3,34.1,19.1,12.9,20.4,21.6,9.9,20.6,11.6,18.6,24.4,22,3.9,10.6,16.8,17.2,14.1,15.1,18.6,11.5,11.1,3,11,19,4,21.4,8.8,13.1,6.4,18.8,2.9,6.4,12,12.2,15.3,21.6,2.8,10,5.8,8.3,19.1,14.6,12.6,6,6.3,10.2,8,16.9,13.5,3.8,3.6,21.9,6.1,
INDUSTRY timeMakingDevicesByGroup 0_Basic23,0,0,0,0,0,0,0,0,0,0,0,0,0,0,0,0,0,0,0,0,0,0,0,0,0,0,0,0,0,0,0,0,0,0,0,0,0,0,2.6,2.5,9.2,2.6,5.2,5.1,7.4,1.5,1.2,3.4,7.6,0.9,1,2.8,4.8,0,0,1.8,2.3,4.1,2.3,0,3.7,0.9,2.1,3.5,1.2,4.4,0,0.9,0,2.1,5.7,0,1.8,0.9,0.9,0.9,5.3,0,0,0.9,1.8,2.7,4,0,0.9,0,0.9,1.8,4.7,0.9,0.9,0,0.9,0.9,5,0.9,0,0,1.8,0.9,
DEVMACHINE timeMakingDevicesByGroup 0_Basic23,0,0,0,0,0,0,0,0,0,0,0,0,0,0,0,0,0,0,0,0,0,0,0,0,0,0,0,0,0,0,0,0,0,0,0,0,0,0,0,0,0,0,0,0,0,0,0,0,0,0,0,0,0,0,0,0,0,0,0,0,0,0,0,0,0,0,0,0,0,0,0,0,0,0,0,0,0,0,0,0,0,0,0,0,0,0,0,0,0,0,0,0,0,0,0,0,0,0,0,0,
DEVFACTORY timeMakingDevicesByGroup 0_Basic23,0,0,0,0,0,0,0,0,0,0,0,0,0,0,0,0,0,0,0,0,0,0,0,0,0,0,0,0,0,0,0,0,0,0,0,0,0,0,0,0,0,0,0,0,0,0,0,0,0,0,0,0,0,0,0,0,0,0,0,0,0,0,0,0,0,0,0,0,0,0,0,0,0,0,0,0,0,0,0,0,0,0,0,0,0,0,0,0,0,0,0,0,0,0,0,0,0,0,0,0,
TOOL timeMakingDevicesByGroup 1_Basic23,0,0,0,0,0,198.8,79.8,286.6,63.8,66.2,66.4,471,65.6,117.2,87.2,83.4,90.4,73.8,64.4,33.6,30,107.4,112.4,37.8,93.8,54.8,78,69.6,123,27.2,1.8,83.6,30.8,51.4,18,152.8,166.8,100.6,198.2,271.2,234.8,180.4,153,207.8,153.8,186.2,87.6,146,211.4,122.4,166.8,144,79.2,129.8,255,217.8,90,185.6,108,216.2,70.4,113.6,153.2,309.6,57.6,149.6,124.4,227.2,326,109.8,127.8,202,324.4,165.6,34.2,234.4,351,57.6,86.4,231,324,118.8,108,61.2,267.2,144,173.2,199.8,182,124.2,205.4,93.6,331.2,201.6,192.6,93.6,207,201.6,106.2,59.8,
MACHINE timeMakingDevicesByGroup 1_Basic23,0,0,0,0,0,0,0,0,0,0,0,0,0,0,0,0,0,0,0,5.2,0,96,131.6,82.6,113.4,82.4,93.8,90.8,43.4,49,25.8,34,14.4,23.2,46,42.4,61,62.2,75.6,103,107,82,58.4,67,49.8,67,31.4,51.2,79,34.4,49.8,47,23.6,34.4,64,54.4,21.8,45.6,27.2,54.4,16.2,27,37.8,76.4,14.4,36,30.6,54.2,81,27,32.4,50.4,79.4,41.4,7.2,57.6,86.4,14.4,21.6,57.6,79.2,28.8,25.2,14.4,66.8,36,43.4,48.6,43.2,30.6,50.4,21.6,82.8,50.4,46.8,21.6,50.4,50.4,25.2,14.6,
FACTORY timeMakingDevicesByGroup 1_Basic23,0,0,0,0,0,0,0,0,0,0,0,0,0,0,0,0,0,0,0,0,0,0,0,0,0,0,42.4,42.2,35.6,41.6,15.8,48.2,24.6,35.6,31.4,29.4,30,24.4,18,20,38.2,23.2,17.2,34.6,22.4,34.6,0,22.4,36.6,24.4,17.8,20.4,18.8,20.6,31.6,28.2,7,23.2,13.6,26,10.2,8.6,18.6,33,10.4,13,14.6,31.4,28.4,19.2,19.2,24.2,30.6,12.4,2.2,30.8,29,3.8,9.6,26.2,25.2,7.8,5.4,10,27.6,9.8,14,17.2,17.2,7.6,13,8.2,29,16,12.8,5.4,20.6,15.8,5.4,5.6,
INDUSTRY timeMakingDevicesByGroup 1_Basic23,0,0,0,0,0,0,0,0,0,0,0,0,0,0,0,0,0,0,0,0,0,0,0,0,0,0,0,0,0,0,0,0,0,0,10.4,5.2,5.2,0,10.4,5.2,5.2,5.2,5,10.4,5.2,15.6,0,8.6,13.6,0,5.2,0,10.4,6.2,5.2,5.2,0,8,0,10.4,0,2,1.8,5.2,5.2,3.4,1.8,12.2,0,5.2,5.2,8.8,7.8,0,0,14.6,1.8,0,5.2,9.4,4.4,0,0,2,7.8,0,7.4,1.8,3.6,0,1.8,4.8,8.8,1.8,4.4,0,8.6,1.8,0,4.4,
DEVMACHINE timeMakingDevicesByGroup 1_Basic23,0,0,0,0,0,0,0,0,0,0,0,0,0,0,0,0,0,0,0,0,0,0,0,0,0,0,0,0,0,0,0,0,0,0,0,0,0,0,0,0,0,0,0,0,0,0,0,0,0,0,0,0,0,0,0,0,0,0,0,0,0,0,0,0,0,0,0,0,0,0,0,0,0,0,0,0,0,0,0,0,0,0,0,0,0,0,0,0,0,0,0,0,0,0,0,0,0,0,0,0,
DEVFACTORY timeMakingDevicesByGroup 1_Basic23,0,0,0,0,0,0,0,0,0,0,0,0,0,0,0,0,0,0,0,0,0,0,0,0,0,0,0,0,0,0,0,0,0,0,0,0,0,0,0,0,0,0,0,0,0,0,0,0,0,0,0,0,0,0,0,0,0,0,0,0,0,0,0,0,0,0,0,0,0,0,0,0,0,0,0,0,0,0,0,0,0,0,0,0,0,0,0,0,0,0,0,0,0,0,0,0,0,0,0,0,

timeGatheringWithoutDevicePerActiveAgent_Basic23,602.333,604.667,603.2,603.667,603,0,222.8,33.6,225.067,195.6,185.067,0,0,0,0,0,0,0,0,0,0,0,0,0,0,0,0,0,0,0,0,0,0,0,0,0,0,0,0,0,0,0,0,0,0,0,0,0,0,0,0,0,0,0,0,0,0,0,0,0,0,0,0,0,0,0,0,0,0,0,0,0,0,0,0,0,0,0,0,0,0,0,0,0,0,0,0,0,0,0,0,0,0,0,0,0,0,0,0,0,
timeGatheringWithoutDeviceByGroup 0_Basic23,603,603,603,603,603,0,249.3,28.8,239.4,216,212.4,0,0,0,0,0,0,0,0,0,0,0,0,0,0,0,0,0,0,0,0,0,0,0,0,0,0,0,0,0,0,0,0,0,0,0,0,0,0,0,0,0,0,0,0,0,0,0,0,0,0,0,0,0,0,0,0,0,0,0,0,0,0,0,0,0,0,0,0,0,0,0,0,0,0,0,0,0,0,0,0,0,0,0,0,0,0,0,0,0,
timeGatheringWithoutDeviceByGroup 1_Basic23,601,608,603.6,605,603,0,169.8,43.2,196.4,154.8,130.4,0,0,0,0,0,0,0,0,0,0,0,0,0,0,0,0,0,0,0,0,0,0,0,0,0,0,0,0,0,0,0,0,0,0,0,0,0,0,0,0,0,0,0,0,0,0,0,0,0,0,0,0,0,0,0,0,0,0,0,0,0,0,0,0,0,0,0,0,0,0,0,0,0,0,0,0,0,0,0,0,0,0,0,0,0,0,0,0,0,


TOOL_timeGatheringWithDevicePerActiveAgent_Basic23,0,0,0,0,0,0,0,387.333,305.6,377.2,343,285.067,311.133,423.667,52.9333,36.4,50.9333,36,36.9333,3.6,0,0,0,0,0,0,0,0,0,0,0,0,0,0,0,0,0,0,0,0,0,0,0,0,0,0,0,0,0,0,0,0,0,0,0,0,0,0,0,0,0,0,0,0,0,0,0,0,0,0,0,0,0,0,0,0,0,0,0,0,0,0,0,0,0,0,0,0,0,0,0,0,0,0,0,0,0,0,0,0,
MACHINE_timeGatheringWithDevicePerActiveAgent_Basic23,0,0,0,0,0,0,0,0,0,0,0,0,0,64,222.067,379.2,313.467,289.533,276.733,420.267,399,468.067,506.867,109.6,132.4,86.8,138.667,49.6,55.8,15.8667,1.66667,2.06667,7.46667,0,0,0,0,0,0,0,0,0,0,0,0,0,0,0,0,0,0,0,0,0,0,0,0,0,0,0,0,0,0,0,0,0,0,0,0,0,0,0,0,0,0,0,0,0,0,0,0,0,0,0,0,0,0,0,0,0,0,0,0,0,0,0,0,0,0,0,
FACTORY_timeGatheringWithDevicePerActiveAgent_Basic23,0,0,0,0,0,0,0,0,0,0,0,0,0,0,0,0,0,0,0,0,0,0,0,192.867,380,148.933,239,315.267,345.733,274.6,368.667,402.4,308.8,247.333,302.733,231.267,279.8,196.4,112,124,130.4,207.667,181.467,132.067,195.8,140.933,153.333,180.133,243.667,161.467,152.867,118.6,170.4,122.133,115.2,161.733,131.267,161.733,131.133,189.867,91.2667,237.667,97.5333,138.933,144.933,219.6,131.933,130.133,82.6667,161,109.133,95.5333,127.2,122.333,103.933,118,184.8,98.7333,120.4,134.533,128.8,152.267,85.4667,165.067,130.133,121.8,158.467,83.0667,147.467,159.933,137.4,107.4,114.467,113.6,145.467,125.867,131,124.933,124.2,149.667,
INDUSTRY_timeGatheringWithDevicePerActiveAgent_Basic23,0,0,0,0,0,0,0,0,0,0,0,0,0,0,0,0,0,0,0,0,0,0,0,0,0,0,0,0,0,0,0,36.5333,68.1333,64.4,64.1333,60.8667,117.267,132.667,172.933,160.8,100.2,169.267,273.533,253.333,195.4,148.867,179.333,215.2,254.2,201,141.533,201.267,366.4,195.533,167.067,237.267,235.867,287.133,202.933,201.533,254.667,326.333,177,124.8,271.467,299.6,219.133,131.4,239.333,335.867,251.533,216.8,244,255.6,285.6,210.133,272.667,233.933,301.067,254.333,188.6,245.2,254.467,305.333,235.733,185.867,304.733,247.733,217.2,235.533,299.533,295.133,224.733,195.6,260.467,282.667,235.533,255.933,213.6,286.4,
TOOL_timeGatheringWithDeviceByGroup 0_Basic23,0,0,0,0,0,0,0,389.7,294.9,345.6,324.3,298.5,303.6,459,52.2,20.7,31.2,32.1,40.8,5.4,0,0,0,0,0,0,0,0,0,0,0,0,0,0,0,0,0,0,0,0,0,0,0,0,0,0,0,0,0,0,0,0,0,0,0,0,0,0,0,0,0,0,0,0,0,0,0,0,0,0,0,0,0,0,0,0,0,0,0,0,0,0,0,0,0,0,0,0,0,0,0,0,0,0,0,0,0,0,0,0,
MACHINE_timeGatheringWithDeviceByGroup 0_Basic23,0,0,0,0,0,0,0,0,0,0,0,0,0,60,85,415.4,291.5,309.9,228,397.2,399.7,441.5,490.2,87.1,98,17.3,79,45.6,49.2,7.6,2.5,0.8,0,0,0,0,0,0,0,0,0,0,0,0,0,0,0,0,0,0,0,0,0,0,0,0,0,0,0,0,0,0,0,0,0,0,0,0,0,0,0,0,0,0,0,0,0,0,0,0,0,0,0,0,0,0,0,0,0,0,0,0,0,0,0,0,0,0,0,0,
FACTORY_timeGatheringWithDeviceByGroup 0_Basic23,0,0,0,0,0,0,0,0,0,0,0,0,0,0,0,0,0,0,0,0,0,0,0,96,404.4,118.5,229.4,244.4,304.4,254.5,295,381.9,300,301.5,367.1,279.8,324.9,246,119.5,165.6,165.7,212,245.3,164.5,257.8,180.8,187.3,211.7,321.3,197.7,186.6,143.4,188.1,145.7,137.3,176.5,151.5,198.3,141,227.8,99.2,286.2,98,165.3,165,271.1,168,132.1,75.4,182.1,124,111.1,120,128.8,107.9,143,203.1,103.8,131.7,158.2,157.6,149.2,81.5,207.8,151.2,127.1,174.3,79.3,186.7,178.8,160.6,105.2,130.1,127.2,148.4,142.3,163.1,132.5,120.3,177.3,
INDUSTRY_timeGatheringWithDeviceByGroup 0_Basic23,0,0,0,0,0,0,0,0,0,0,0,0,0,0,0,0,0,0,0,0,0,0,0,0,0,0,0,0,0,0,0,0,0,3.2,36.7,42,46.3,116.7,154.9,135.3,91.2,221.8,221,172.5,143,180.9,167.9,163.4,217.8,133.5,143.4,210.7,317.5,196.9,141.3,213.1,185.6,233.7,215.1,229.2,180.9,260.3,198.1,147,250.9,270.6,220.1,102,243.9,264.5,234.1,260.5,259.9,215.4,246.1,257.3,302.6,171.9,220.1,266.6,234.3,242.7,186.2,297,255.4,209.4,278.1,136.4,258.6,274.3,275.6,218.1,237.7,230.7,218,209.1,283.2,254.9,223.4,271.9,
TOOL_timeGatheringWithDeviceByGroup 1_Basic23,0,0,0,0,0,0,0,382.6,327,440.4,380.4,258.2,326.2,353,54.4,67.8,90.4,43.8,29.2,0,0,0,0,0,0,0,0,0,0,0,0,0,0,0,0,0,0,0,0,0,0,0,0,0,0,0,0,0,0,0,0,0,0,0,0,0,0,0,0,0,0,0,0,0,0,0,0,0,0,0,0,0,0,0,0,0,0,0,0,0,0,0,0,0,0,0,0,0,0,0,0,0,0,0,0,0,0,0,0,0,
MACHINE_timeGatheringWithDeviceByGroup 1_Basic23,0,0,0,0,0,0,0,0,0,0,0,0,0,72,496.2,306.8,357.4,248.8,374.2,466.4,397.6,521.2,540.2,154.6,201.2,225.8,258,57.6,69,32.4,0,4.6,22.4,0,0,0,0,0,0,0,0,0,0,0,0,0,0,0,0,0,0,0,0,0,0,0,0,0,0,0,0,0,0,0,0,0,0,0,0,0,0,0,0,0,0,0,0,0,0,0,0,0,0,0,0,0,0,0,0,0,0,0,0,0,0,0,0,0,0,0,
FACTORY_timeGatheringWithDeviceByGroup 1_Basic23,0,0,0,0,0,0,0,0,0,0,0,0,0,0,0,0,0,0,0,0,0,0,0,386.6,331.2,209.8,258.2,457,428.4,314.8,516,443.4,326.4,139,174,134.2,189.6,97.2,97,40.8,59.8,199,53.8,67.2,71.8,61.2,85.4,117,88.4,89,85.4,69,135,75,71,132.2,90.8,88.6,111.4,114,75.4,140.6,96.6,86.2,104.8,116.6,59.8,126.2,97.2,118.8,79.4,64.4,141.6,109.4,96,68,148.2,88.6,97.8,87.2,71.2,158.4,93.4,79.6,88,111.2,126.8,90.6,69,122.2,91,111.8,83.2,86.4,139.6,93,66.8,109.8,132,94.4,
INDUSTRY_timeGatheringWithDeviceByGroup 1_Basic23,0,0,0,0,0,0,0,0,0,0,0,0,0,0,0,0,0,0,0,0,0,0,0,0,0,0,0,0,0,0,0,109.6,204.4,186.8,119,98.6,259.2,164.6,209,211.8,118.2,64.2,378.6,415,300.2,84.8,202.2,318.8,327,336,137.8,182.4,464.2,192.8,218.6,285.6,336.4,394,178.6,146.2,402.2,458.4,134.8,80.4,312.6,357.6,217.2,190.2,230.2,478.6,286.4,129.4,212.2,336,364.6,115.8,212.8,358,463,229.8,97.2,250.2,391,322,196.4,138.8,358,470.4,134.4,158,347.4,449.2,198.8,125.4,345.4,429.8,140.2,258,194,315.4,

TOOL timeMakingDevicesPerActiveAgent_Basic23,0,0,0,0,0,0,0,213.933,295,80.6667,71.1333,267.467,290.067,102.2,200.933,145.067,172.2,177.467,181.467,105.4,111.8,79.6667,56.2667,173.533,56.6667,208.067,143.4,146.8,123.467,203.2,152.133,103.6,146.333,185.867,153.2,202.133,141.8,182.4,209.4,202.267,245.4,148.6,96.5333,148.867,142.533,208.333,185.667,144.4,69.6667,168.8,213.867,190.133,45.6,199.467,225.8,141.6,168.133,105.733,192.067,149,187.267,26.4,233.133,244.933,134.4,57.6,182.533,247.333,204.133,74.4,170.6,208.867,166.4,162.6,151.267,199.4,103.267,194.533,132.067,153.8,206.533,151.333,192.2,93.6667,173.4,215.533,100.867,197,172.933,151.333,122.533,144.133,192.133,213.667,141.6,144,172.867,163.267,194.533,122.4,
MACHINE timeMakingDevicesPerActiveAgent_Basic23,0,0,0,0,0,0,0,0,0,0,0,0,0,10.6667,123.533,38.9333,62.5333,96.2667,104.133,70.2,88.2667,51.6667,36.2,94.2,22.9333,116,64.8,62.5333,49.4667,67.6,49.7333,34.6667,44.2667,64.9333,53.2,69,40,56.6,71.8,76.2,79.0667,48.6667,30.7333,45.2667,42.9333,66.0667,53.2,38.2667,20.0667,42.6667,55.6,52.8,13.2667,53.8,57.6667,36.4667,43.6,28.4,48.3333,37.2,46.8667,6.6,58.8,61.7333,33.6667,14.4,45.6667,61.8,51,18.6,42.6667,52.3333,41.4667,40.8667,37.8,49.8,25.8667,48.6667,33,38.4,51.6,37.8,48.1333,23.4,43.2,54,25.2,49.3333,43.2,37.8,30.6667,36.1333,48.0667,53.4,35.5333,36,43.2,40.8,48.6667,30.6,
FACTORY timeMakingDevicesPerActiveAgent_Basic23,0,0,0,0,0,0,0,0,0,0,0,0,0,0,0,0,0,0,0,0,0,0,0,28.2,7.06667,38.2,12.7333,24.3333,23.6667,37.0667,26.5333,17.6667,21.9333,29.3333,25.1333,31.3333,18.5333,26.2,26.7333,28.7333,38.6,22.5333,12.6667,17.7333,16.6667,25.2,24.4667,18.7333,9.73333,19.4667,25.2667,32.8667,3.46667,23.6,25.7333,16,17.7333,11.4,19.3333,19.5333,15.2,2.33333,24.8667,25.5333,13.1333,7.26667,16,22.3333,20.4667,7,20.9333,20.3333,17.6,15.4667,15.4,18.7333,10.8,17.2,11.6667,15,19.0667,11.3333,14.4667,9.6,14.1333,17.8,8.8,17.2667,14.8667,12.8,7.86667,13.6,16.0667,19,12.8,9.6,13.4,11.6667,14.9333,8.46667,
INDUSTRY timeMakingDevicesPerActiveAgent_Basic23,0,0,0,0,0,0,0,0,0,0,0,0,0,0,0,0,0,0,0,0,0,0,0,0,0,0,0,0,0,0,0,1.73333,1.66667,6.13333,0,3.46667,1.26667,4.06667,5.26667,6.46667,4.66667,1.73333,3.46667,1.2,5.2,8.93333,2.33333,1.73333,1.66667,4.66667,9.06667,2.86667,0,3.6,6.93333,5.26667,1.73333,4.13333,4.13333,1.53333,3.53333,0,6.86667,2.6,1.2,0.6,3.06667,5.4,1.2,2.06667,3.6,4.66667,1.8,1.8,4.4,2.4,1.26667,5.13333,0.6,2.4,4,0.6,3.6,1.8,1.8,3.33333,0.6,4.13333,3,1.2,0.733333,2.2,3,3.13333,2.46667,0.6,2.4,2,2.4,1.2,
DEVMACHINE timeMakingDevicesPerActiveAgent_Basic23,0,0,0,0,0,0,0,0,0,0,0,0,0,0,0,0,0,0,0,0,0,0,0,0,0,0,0,0,0,0,0,0,0,0,0,0,0,0,0,0,0,0,0,0,0,0,0,0,0,0,0,0,0,0,0,0,0,0,0,0,0,0,0,0,0,0,0,0,0,0,0,0,0,0,0,0,0,0,0,0,0,0,0,0,0,0,0,0,0,0,0,0,0,0,0,0,0,0,0,0,
DEVFACTORY timeMakingDevicesPerActiveAgent_Basic23,0,0,0,0,0,0,0,0,0,0,0,0,0,0,0,0,0,0,0,0,0,0,0,0,0,0,0,0,0,0,0,0,0,0,0,0,0,0,0,0,0,0,0,0,0,0,0,0,0,0,0,0,0,0,0,0,0,0,0,0,0,0,0,0,0,0,0,0,0,0,0,0,0,0,0,0,0,0,0,0,0,0,0,0,0,0,0,0,0,0,0,0,0,0,0,0,0,0,0,0,
TOOL timeMakingDevicesByGroup 0_Basic23,0,0,0,0,0,0,0,212.3,306.2,84.6,66,251.6,298.2,79.3,277,139.7,201.1,171.8,205.6,126.2,138.2,97.4,80.2,251.4,62.6,279.8,191.6,206,171.5,247,211.6,152.1,207.2,204.1,135.6,194.8,156.9,158.5,213.7,196.3,235.6,114.4,95.4,180.9,139,164.7,175.7,162,43.2,191.9,193.7,164.6,68.4,183.9,228.8,149.4,190.1,117.1,179.1,104.6,236.8,39.6,218.8,212.5,136.8,43.2,157.6,270.1,205.4,110.7,172.8,165.6,161.2,186.3,176.4,147.7,68.5,234.2,183.7,129.7,151.3,155,245.1,68.4,144,193.6,108.1,281.1,115.2,108.1,122.6,201.8,172.8,176.5,169.2,187.2,115.2,157.6,190.1,111.6,
MACHINE timeMakingDevicesByGroup 0_Basic23,0,0,0,0,0,0,0,0,0,0,0,0,0,2.6,185.3,24.1,75.8,85.7,125.1,70.8,61.3,60.6,29.1,121.5,23.9,135.8,82.2,76.7,53.7,71.2,62.8,45.4,61.3,59.3,38.8,53.4,46.1,47.9,75.1,71.1,60.6,31.5,22,55.9,41.8,48.2,47.9,41.1,13,48.6,50.3,47.6,19.9,51.6,59.5,39.3,50.1,32.6,45.5,26.1,59.5,9.9,55.7,53.9,34.3,10.8,39.7,67.5,51.3,27.9,43.2,41.6,40.5,46.9,44.1,36.9,17.2,58.6,45.9,32.4,37.8,38.7,61.4,17.1,36,48.6,27,70.4,28.8,27,30.7,50.6,43.3,44.1,42.5,46.8,28.8,39.6,47.8,27.9,
FACTORY timeMakingDevicesByGroup 0_Basic23,0,0,0,0,0,0,0,0,0,0,0,0,0,0,0,0,0,0,0,0,0,0,0,42.3,10.6,46.7,16.5,25.8,19.6,18.3,26.8,16,27.6,26.4,20.2,25.9,22.6,26.2,30,25.8,41,16.5,12.3,22.8,14.4,18,16.3,17.7,4,20.6,18.4,27.9,5.2,19.6,23.6,14,18.5,11.8,15.6,10.4,16.9,3.5,20.8,18.1,9.9,3.7,10.1,20.6,21,10.5,20.9,14.4,15,18.5,18,13,6.6,21.8,16.4,11,13.4,12,18.7,7.7,10.9,15.5,10.4,25,8.9,9.6,8.1,19.5,13.1,16.9,16.5,12.6,7.4,11.7,14.3,8.2,
INDUSTRY timeMakingDevicesByGroup 0_Basic23,0,0,0,0,0,0,0,0,0,0,0,0,0,0,0,0,0,0,0,0,0,0,0,0,0,0,0,0,0,0,0,2.6,2.5,4,0,2.6,1.9,3.5,5.3,4.6,4.4,2.6,2.6,1.8,2.6,6.1,3.5,2.6,0,5.6,6.1,4.3,0,0.9,7.8,6,2.6,5.1,2,1,5.3,0,7,1.9,1.8,0,2.8,6.1,1.8,3.1,3.6,5.2,1.8,2.7,5.7,0.9,1,7.7,0.9,0.9,4.2,0.9,5.4,0.9,0.9,4.1,0.9,6.2,0.9,0.9,1.1,3.3,1.8,2.9,3.7,0.9,0.9,2.1,2.7,1.8,
DEVMACHINE timeMakingDevicesByGroup 0_Basic23,0,0,0,0,0,0,0,0,0,0,0,0,0,0,0,0,0,0,0,0,0,0,0,0,0,0,0,0,0,0,0,0,0,0,0,0,0,0,0,0,0,0,0,0,0,0,0,0,0,0,0,0,0,0,0,0,0,0,0,0,0,0,0,0,0,0,0,0,0,0,0,0,0,0,0,0,0,0,0,0,0,0,0,0,0,0,0,0,0,0,0,0,0,0,0,0,0,0,0,0,
DEVFACTORY timeMakingDevicesByGroup 0_Basic23,0,0,0,0,0,0,0,0,0,0,0,0,0,0,0,0,0,0,0,0,0,0,0,0,0,0,0,0,0,0,0,0,0,0,0,0,0,0,0,0,0,0,0,0,0,0,0,0,0,0,0,0,0,0,0,0,0,0,0,0,0,0,0,0,0,0,0,0,0,0,0,0,0,0,0,0,0,0,0,0,0,0,0,0,0,0,0,0,0,0,0,0,0,0,0,0,0,0,0,0,
TOOL timeMakingDevicesByGroup 1_Basic23,0,0,0,0,0,0,0,217.2,272.6,72.8,81.4,299.2,273.8,148,48.8,155.8,114.4,188.8,133.2,63.8,59,44.2,8.4,17.8,44.8,64.6,47,28.4,27.4,115.6,33.2,6.6,24.6,149.4,188.4,216.8,111.6,230.2,200.8,214.2,265,217,98.8,84.8,149.6,295.6,205.6,109.2,122.6,122.6,254.2,241.2,0,230.6,219.8,126,124.2,83,218,237.8,88.2,0,261.8,309.8,129.6,86.4,232.4,201.8,201.6,1.8,166.2,295.4,176.8,115.2,101,302.8,172.8,115.2,28.8,202,317,144,86.4,144.2,232.2,259.4,86.4,28.8,288.4,237.8,122.4,28.8,230.8,288,86.4,57.6,288.2,174.6,203.4,144,
MACHINE timeMakingDevicesByGroup 1_Basic23,0,0,0,0,0,0,0,0,0,0,0,0,0,26.8,0,68.6,36,117.4,62.2,69,142.2,33.8,50.4,39.6,21,76.4,30,34.2,41,60.4,23.6,13.2,10.2,76.2,82,100.2,27.8,74,65.2,86.4,116,83,48.2,24,45.2,101.8,63.8,32.6,34.2,30.8,66.2,63.2,0,58.2,54,30.8,30.6,20,54,59.4,21.6,0,65,77.4,32.4,21.6,57.6,50.4,50.4,0,41.6,73.8,43.4,28.8,25.2,75.6,43.2,28.8,7.2,50.4,79.2,36,21.6,36,57.6,64.8,21.6,7.2,72,59.4,30.6,7.2,57.6,72,21.6,14.4,72,43.2,50.4,36,
FACTORY timeMakingDevicesByGroup 1_Basic23,0,0,0,0,0,0,0,0,0,0,0,0,0,0,0,0,0,0,0,0,0,0,0,0,0,21.2,5.2,21.4,31.8,74.6,26,21,10.6,35.2,35,42.2,10.4,26.2,20.2,34.6,33.8,34.6,13.4,7.6,21.2,39.6,40.8,20.8,21.2,17.2,39,42.8,0,31.6,30,20,16.2,10.6,26.8,37.8,11.8,0,33,40.4,19.6,14.4,27.8,25.8,19.4,0,21,32.2,22.8,9.4,10.2,30.2,19.2,8,2.2,23,30.4,10,6,13.4,20.6,22.4,5.6,1.8,26.8,19.2,7.4,1.8,22,23.2,5.4,3.6,25.4,11.6,16.2,9,
INDUSTRY timeMakingDevicesByGroup 1_Basic23,0,0,0,0,0,0,0,0,0,0,0,0,0,0,0,0,0,0,0,0,0,0,0,0,0,0,0,0,0,0,0,0,0,10.4,0,5.2,0,5.2,5.2,10.2,5.2,0,5.2,0,10.4,14.6,0,0,5,2.8,15,0,0,9,5.2,3.8,0,2.2,8.4,2.6,0,0,6.6,4,0,1.8,3.6,4,0,0,3.6,3.6,1.8,0,1.8,5.4,1.8,0,0,5.4,3.6,0,0,3.6,3.6,1.8,0,0,7.2,1.8,0,0,5.4,3.6,0,0,5.4,1.8,1.8,0,
DEVMACHINE timeMakingDevicesByGroup 1_Basic23,0,0,0,0,0,0,0,0,0,0,0,0,0,0,0,0,0,0,0,0,0,0,0,0,0,0,0,0,0,0,0,0,0,0,0,0,0,0,0,0,0,0,0,0,0,0,0,0,0,0,0,0,0,0,0,0,0,0,0,0,0,0,0,0,0,0,0,0,0,0,0,0,0,0,0,0,0,0,0,0,0,0,0,0,0,0,0,0,0,0,0,0,0,0,0,0,0,0,0,0,
DEVFACTORY timeMakingDevicesByGroup 1_Basic23,0,0,0,0,0,0,0,0,0,0,0,0,0,0,0,0,0,0,0,0,0,0,0,0,0,0,0,0,0,0,0,0,0,0,0,0,0,0,0,0,0,0,0,0,0,0,0,0,0,0,0,0,0,0,0,0,0,0,0,0,0,0,0,0,0,0,0,0,0,0,0,0,0,0,0,0,0,0,0,0,0,0,0,0,0,0,0,0,0,0,0,0,0,0,0,0,0,0,0,0,

timeGatheringWithoutDevicePerActiveAgent_Basic23,602.333,604.667,603.133,603.6,603.2,603.667,602.333,0,0.6,144.133,187.733,49.3333,0,0,0,0,0,0,0,0,0,0,0,0,0,0,0,0,0,0,0,0,0,0,0,0,0,0,0,0,0,0,0,0,0,0,0,0,0,0,0,0,0,0,0,0,0,0,0,0,0,0,0,0,0,0,0,0,0,0,0,0,0,0,0,0,0,0,0,0,0,0,0,0,0,0,0,0,0,0,0,0,0,0,0,0,0,0,0,0,
timeGatheringWithoutDeviceByGroup 0_Basic23,603,603,603,603,603,603,603,0,0.9,172.8,211.5,52.2,0,0,0,0,0,0,0,0,0,0,0,0,0,0,0,0,0,0,0,0,0,0,0,0,0,0,0,0,0,0,0,0,0,0,0,0,0,0,0,0,0,0,0,0,0,0,0,0,0,0,0,0,0,0,0,0,0,0,0,0,0,0,0,0,0,0,0,0,0,0,0,0,0,0,0,0,0,0,0,0,0,0,0,0,0,0,0,0,
timeGatheringWithoutDeviceByGroup 1_Basic23,601,608,603.4,604.8,603.6,605,601,0,0,86.8,140.2,43.6,0,0,0,0,0,0,0,0,0,0,0,0,0,0,0,0,0,0,0,0,0,0,0,0,0,0,0,0,0,0,0,0,0,0,0,0,0,0,0,0,0,0,0,0,0,0,0,0,0,0,0,0,0,0,0,0,0,0,0,0,0,0,0,0,0,0,0,0,0,0,0,0,0,0,0,0,0,0,0,0,0,0,0,0,0,0,0,0,


TOOL_timeGatheringWithDevicePerActiveAgent_Basic23,0,0,0,0,0,0,385.2,299.933,251.6,59.1333,172.2,133.067,54.1333,38,20.9333,0.133333,0,0,0,0,0,0,0,0,0,0,0,0,0,0,0,0,0,0,0,0,0,0,0,0,0,0,0,0,0,0,0,0,0,0,0,0,0,0,0,0,0,0,0,0,0,0,0,0,0,0,0,0,0,0,0,0,0,0,0,0,0,0,0,0,0,0,0,0,0,0,0,0,0,0,0,0,0,0,0,0,0,0,0,0,
MACHINE_timeGatheringWithDevicePerActiveAgent_Basic23,0,0,0,0,0,0,0,0,0,126.467,288.933,190.867,158.667,346.333,298.6,379.6,248.867,122.733,95.5333,33.6667,41.3333,39.3333,24.8,6.4,17.3333,0,0,0,0,0,0,0,0,0,0,0,0,0,0,0,0,0,0,0,0,0,0,0,0,0,0,0,0,0,0,0,0,0,0,0,0,0,0,0,0,0,0,0,0,0,0,0,0,0,0,0,0,0,0,0,0,0,0,0,0,0,0,0,0,0,0,0,0,0,0,0,0,0,0,0,
FACTORY_timeGatheringWithDevicePerActiveAgent_Basic23,0,0,0,0,0,0,0,0,0,0,0,0,0,0,23,61.6667,66.6667,169.267,247.067,251.8,401.8,296.333,405.467,229.867,279.2,200.6,214.133,189.067,124.2,119.2,107.2,55.2,77.4667,58,74.3333,107.533,75.0667,104.467,127.267,79.9333,83.0667,97.4,61.5333,92.2667,155.667,89.2667,90.7333,110.533,45.7333,79.3333,97.2,98.7333,72.9333,80.6667,119,65.9333,50.5333,120.867,105.8,96.6,67,81.4667,54.6667,66.5333,90.6667,66.8,67.8667,67.8667,82.7333,68.7333,69.3333,72.2667,84.6667,73.3333,77.2,82.0667,84.6667,90.9333,69.2,93.8,79.9333,93.7333,77.1333,82.5333,90.6,92.2667,67.1333,95.6,74.1333,110.2,86.2,83.5333,67.2,92.6,70.2667,100.533,81.1333,100.4,69.9333,86,
INDUSTRY_timeGatheringWithDevicePerActiveAgent_Basic23,0,0,0,0,0,0,0,0,0,0,0,0,0,0,0,0,0,0,0,0,0,0,0,23.8667,92.9333,102,124.333,136.133,169.4,249.267,122.267,246.333,404.4,206.867,250,216.467,311,193.467,235.333,278.6,346.267,357,236.067,257,287.733,257,208.933,247.533,370.467,285.467,225.8,296.8,297.6,289.667,211.067,332.533,312.867,231.133,245.533,299,247.067,304.667,323.533,362.533,224.2,281.133,271.6,297.667,320.333,304.6,251,339.867,321.6,211.667,254.067,354.533,264.6,261.4,265.4,327.867,249.067,339.8,292.267,227.4,302.467,350.667,248.667,283.667,289.6,328.067,279.067,312.6,320.333,303.2,270.933,240.4,279.6,310.2,297.067,222.733,
TOOL_timeGatheringWithDeviceByGroup 0_Basic23,0,0,0,0,0,0,385.2,299.933,251.6,59.1333,172.2,133.067,54.1333,38,20.9333,0.133333,0,0,0,0,0,0,0,0,0,0,0,0,0,0,0,0,0,0,0,0,0,0,0,0,0,0,0,0,0,0,0,0,0,0,0,0,0,0,0,0,0,0,0,0,0,0,0,0,0,0,0,0,0,0,0,0,0,0,0,0,0,0,0,0,0,0,0,0,0,0,0,0,0,0,0,0,0,0,0,0,0,0,0,0,
MACHINE_timeGatheringWithDeviceByGroup 0_Basic23,0,0,0,0,0,0,0,0,0,126.467,288.933,190.867,158.667,346.333,298.6,379.6,248.867,122.733,95.5333,33.6667,41.3333,39.3333,24.8,6.4,17.3333,0,0,0,0,0,0,0,0,0,0,0,0,0,0,0,0,0,0,0,0,0,0,0,0,0,0,0,0,0,0,0,0,0,0,0,0,0,0,0,0,0,0,0,0,0,0,0,0,0,0,0,0,0,0,0,0,0,0,0,0,0,0,0,0,0,0,0,0,0,0,0,0,0,0,0,
FACTORY_timeGatheringWithDeviceByGroup 0_Basic23,0,0,0,0,0,0,0,0,0,0,0,0,0,0,23,61.6667,66.6667,169.267,247.067,251.8,401.8,296.333,405.467,229.867,279.2,200.6,214.133,189.067,124.2,119.2,107.2,55.2,77.4667,58,74.3333,107.533,75.0667,104.467,127.267,79.9333,83.0667,97.4,61.5333,92.2667,155.667,89.2667,90.7333,110.533,45.7333,79.3333,97.2,98.7333,72.9333,80.6667,119,65.9333,50.5333,120.867,105.8,96.6,67,81.4667,54.6667,66.5333,90.6667,66.8,67.8667,67.8667,82.7333,68.7333,69.3333,72.2667,84.6667,73.3333,77.2,82.0667,84.6667,90.9333,69.2,93.8,79.9333,93.7333,77.1333,82.5333,90.6,92.2667,67.1333,95.6,74.1333,110.2,86.2,83.5333,67.2,92.6,70.2667,100.533,81.1333,100.4,69.9333,86,
INDUSTRY_timeGatheringWithDeviceByGroup 0_Basic23,0,0,0,0,0,0,0,0,0,0,0,0,0,0,0,0,0,0,0,0,0,0,0,23.8667,92.9333,102,124.333,136.133,169.4,249.267,122.267,246.333,404.4,206.867,250,216.467,311,193.467,235.333,278.6,346.267,357,236.067,257,287.733,257,208.933,247.533,370.467,285.467,225.8,296.8,297.6,289.667,211.067,332.533,312.867,231.133,245.533,299,247.067,304.667,323.533,362.533,224.2,281.133,271.6,297.667,320.333,304.6,251,339.867,321.6,211.667,254.067,354.533,264.6,261.4,265.4,327.867,249.067,339.8,292.267,227.4,302.467,350.667,248.667,283.667,289.6,328.067,279.067,312.6,320.333,303.2,270.933,240.4,279.6,310.2,297.067,222.733,
TOOL_timeGatheringWithDeviceByGroup 1_Basic23,-nan,-nan,-nan,-nan,-nan,-nan,-nan,-nan,-nan,-nan,-nan,-nan,-nan,-nan,-nan,-nan,-nan,-nan,-nan,-nan,-nan,-nan,-nan,-nan,-nan,-nan,-nan,-nan,-nan,-nan,-nan,-nan,-nan,-nan,-nan,-nan,-nan,-nan,-nan,-nan,-nan,-nan,-nan,-nan,-nan,-nan,-nan,-nan,-nan,-nan,-nan,-nan,-nan,-nan,-nan,-nan,-nan,-nan,-nan,-nan,-nan,-nan,-nan,-nan,-nan,-nan,-nan,-nan,-nan,-nan,-nan,-nan,-nan,-nan,-nan,-nan,-nan,-nan,-nan,-nan,-nan,-nan,-nan,-nan,-nan,-nan,-nan,-nan,-nan,-nan,-nan,-nan,-nan,-nan,-nan,-nan,-nan,-nan,-nan,-nan,
MACHINE_timeGatheringWithDeviceByGroup 1_Basic23,-nan,-nan,-nan,-nan,-nan,-nan,-nan,-nan,-nan,-nan,-nan,-nan,-nan,-nan,-nan,-nan,-nan,-nan,-nan,-nan,-nan,-nan,-nan,-nan,-nan,-nan,-nan,-nan,-nan,-nan,-nan,-nan,-nan,-nan,-nan,-nan,-nan,-nan,-nan,-nan,-nan,-nan,-nan,-nan,-nan,-nan,-nan,-nan,-nan,-nan,-nan,-nan,-nan,-nan,-nan,-nan,-nan,-nan,-nan,-nan,-nan,-nan,-nan,-nan,-nan,-nan,-nan,-nan,-nan,-nan,-nan,-nan,-nan,-nan,-nan,-nan,-nan,-nan,-nan,-nan,-nan,-nan,-nan,-nan,-nan,-nan,-nan,-nan,-nan,-nan,-nan,-nan,-nan,-nan,-nan,-nan,-nan,-nan,-nan,-nan,
FACTORY_timeGatheringWithDeviceByGroup 1_Basic23,-nan,-nan,-nan,-nan,-nan,-nan,-nan,-nan,-nan,-nan,-nan,-nan,-nan,-nan,-nan,-nan,-nan,-nan,-nan,-nan,-nan,-nan,-nan,-nan,-nan,-nan,-nan,-nan,-nan,-nan,-nan,-nan,-nan,-nan,-nan,-nan,-nan,-nan,-nan,-nan,-nan,-nan,-nan,-nan,-nan,-nan,-nan,-nan,-nan,-nan,-nan,-nan,-nan,-nan,-nan,-nan,-nan,-nan,-nan,-nan,-nan,-nan,-nan,-nan,-nan,-nan,-nan,-nan,-nan,-nan,-nan,-nan,-nan,-nan,-nan,-nan,-nan,-nan,-nan,-nan,-nan,-nan,-nan,-nan,-nan,-nan,-nan,-nan,-nan,-nan,-nan,-nan,-nan,-nan,-nan,-nan,-nan,-nan,-nan,-nan,
INDUSTRY_timeGatheringWithDeviceByGroup 1_Basic23,-nan,-nan,-nan,-nan,-nan,-nan,-nan,-nan,-nan,-nan,-nan,-nan,-nan,-nan,-nan,-nan,-nan,-nan,-nan,-nan,-nan,-nan,-nan,-nan,-nan,-nan,-nan,-nan,-nan,-nan,-nan,-nan,-nan,-nan,-nan,-nan,-nan,-nan,-nan,-nan,-nan,-nan,-nan,-nan,-nan,-nan,-nan,-nan,-nan,-nan,-nan,-nan,-nan,-nan,-nan,-nan,-nan,-nan,-nan,-nan,-nan,-nan,-nan,-nan,-nan,-nan,-nan,-nan,-nan,-nan,-nan,-nan,-nan,-nan,-nan,-nan,-nan,-nan,-nan,-nan,-nan,-nan,-nan,-nan,-nan,-nan,-nan,-nan,-nan,-nan,-nan,-nan,-nan,-nan,-nan,-nan,-nan,-nan,-nan,-nan,

TOOL timeMakingDevicesPerActiveAgent_Basic23,0,0,0,0,0,0,214.6,295.867,290.267,358.2,114.667,200.933,237.333,151,175.6,106.533,173.2,178.467,152.867,190.067,100.733,158.733,109.933,210.067,136.6,198,171.133,170.733,191.867,143.733,234.733,197.467,80,215.867,184.867,184.267,144.867,205.2,158.533,168.6,118.8,101.4,209.8,175.067,112.8,175.333,214.2,171.733,126.6,165.267,199.6,146.467,164.6,165.2,195.2,141.067,172.867,179.667,180.333,148.867,209,156.133,158.6,125.533,206.867,184.267,190.267,172.267,142.267,165.067,204.133,138.2,142.933,229.467,196.8,121.267,182.533,180.733,196.267,132.067,199.4,120.133,170.6,214.933,152.6,115.267,209.533,163.467,175.267,119,172.933,150.667,154.933,152.267,189.733,190.267,177.867,141.6,170.533,214.4,
MACHINE timeMakingDevicesPerActiveAgent_Basic23,0,0,0,0,0,0,0,0,0,54.8,22.9333,73.4,148.4,63.6,76.9333,49.0667,99.4,106.267,75.0667,89.0667,41.8667,77.3333,42.1333,83.9333,48.2,58.9333,57.4667,70.3333,76.3333,59.1333,90.1333,63.9333,24.5333,73.0667,58.3333,55.3333,44.1333,61.0667,49.4667,47.6667,30.6667,25.6667,56.0667,47,28.2,46.4667,54.8,42.9333,31.2667,42.1333,50.3333,36.6,40.2,42.6667,48.6667,35.2667,43.2667,45.6,45.1333,37.2,52.2,39.1333,39.6667,31.2,51.2,46.8,47.4,43.2667,35.4,41.4667,51,34.2,36,57,49.2,30.6,45.6,45,49.2,33,49.8,30,42.6667,53.4,38.4,28.8,52.2,40.8667,43.8,29.4,43.2,37.2,39,38.5333,46.8667,48,44.4,35.4,42.6,53.4667,
FACTORY timeMakingDevicesPerActiveAgent_Basic23,0,0,0,0,0,0,0,0,0,0,0,0,0,0,3.53333,1.73333,10.1333,21.0667,27.6667,33.4,12.8667,26.2,16,38.5333,22.4,34.2,28.1333,25.2667,31.9333,19.9333,36.0667,30.8667,11.3333,33.4,24.8667,29.4667,21.2,27.6667,24.6,19.4667,15.6667,14.3333,29.6667,25,12.6,24.6667,25.2667,19.7333,19.6,22.8667,22.4667,18.4667,17.7333,17.4667,20.8667,19.4667,16.6667,18.7333,20.2,14.4,18.6,16.2,17.6,10.9333,21.2667,16.8667,18.8,13,15.2667,15,20.0667,12.5333,12.1333,20.4,19.5333,9.13333,16.1333,17.2667,16.6,10.0667,16.8667,13.6,13.2,16.6,12.6667,9.86667,18.3333,12.4667,12.8,10.1333,14.5333,12.8667,14.8667,10.7333,16.8667,17,12.9333,10,14.0667,18.0667,
INDUSTRY timeMakingDevicesPerActiveAgent_Basic23,0,0,0,0,0,0,0,0,0,0,0,0,0,0,0,0,0,0,0,0,0,0,0,5.2,1.66667,4.4,3.13333,6.66667,4.26667,6.93333,7.4,4.2,0.8,10.8,5.93333,5,2.4,6.4,3.46667,4,4.2,2.66667,5.13333,1.8,1.73333,5.53333,4.66667,6,5.13333,3.33333,3.06667,1.93333,5.33333,2.93333,3.53333,4.46667,2.4,2.6,1.2,2.8,4.4,1.2,4.66667,1.86667,3.93333,2.86667,2.4,4.33333,2.4,3.46667,3,1.8,1.2,6.46667,1.8,1.2,4.46667,3,1.8,1.8,3.33333,1.2,2.4,3.6,1.8,1.8,2.46667,2.6,2.93333,1.8,2.53333,1.8,2.4,1.26667,3.6,2.46667,2.4,1.2,4.46667,3.8,
DEVMACHINE timeMakingDevicesPerActiveAgent_Basic23,0,0,0,0,0,0,0,0,0,0,0,0,0,0,0,0,0,0,0,0,0,0,0,0,0,0,0,0,0,0,0,0,0,0,0,0,0,0,0,0,0,0,0,0,0,0,0,0,0,0,0,0,0,0,0,0,0,0,0,0,0,0,0,0,0,0,0,0,0,0,0,0,0,0,0,0,0,0,0,0,0,0,0,0,0,0,0,0,0,0,0,0,0,0,0,0,0,0,0,0,
DEVFACTORY timeMakingDevicesPerActiveAgent_Basic23,0,0,0,0,0,0,0,0,0,0,0,0,0,0,0,0,0,0,0,0,0,0,0,0,0,0,0,0,0,0,0,0,0,0,0,0,0,0,0,0,0,0,0,0,0,0,0,0,0,0,0,0,0,0,0,0,0,0,0,0,0,0,0,0,0,0,0,0,0,0,0,0,0,0,0,0,0,0,0,0,0,0,0,0,0,0,0,0,0,0,0,0,0,0,0,0,0,0,0,0,
TOOL timeMakingDevicesByGroup 0_Basic23,0,0,0,0,0,0,214.6,295.867,290.267,358.2,114.667,200.933,237.333,151,175.6,106.533,173.2,178.467,152.867,190.067,100.733,158.733,109.933,210.067,136.6,198,171.133,170.733,191.867,143.733,234.733,197.467,80,215.867,184.867,184.267,144.867,205.2,158.533,168.6,118.8,101.4,209.8,175.067,112.8,175.333,214.2,171.733,126.6,165.267,199.6,146.467,164.6,165.2,195.2,141.067,172.867,179.667,180.333,148.867,209,156.133,158.6,125.533,206.867,184.267,190.267,172.267,142.267,165.067,204.133,138.2,142.933,229.467,196.8,121.267,182.533,180.733,196.267,132.067,199.4,120.133,170.6,214.933,152.6,115.267,209.533,163.467,175.267,119,172.933,150.667,154.933,152.267,189.733,190.267,177.867,141.6,170.533,214.4,
MACHINE timeMakingDevicesByGroup 0_Basic23,0,0,0,0,0,0,0,0,0,54.8,22.9333,73.4,148.4,63.6,76.9333,49.0667,99.4,106.267,75.0667,89.0667,41.8667,77.3333,42.1333,83.9333,48.2,58.9333,57.4667,70.3333,76.3333,59.1333,90.1333,63.9333,24.5333,73.0667,58.3333,55.3333,44.1333,61.0667,49.4667,47.6667,30.6667,25.6667,56.0667,47,28.2,46.4667,54.8,42.9333,31.2667,42.1333,50.3333,36.6,40.2,42.6667,48.6667,35.2667,43.2667,45.6,45.1333,37.2,52.2,39.1333,39.6667,31.2,51.2,46.8,47.4,43.2667,35.4,41.4667,51,34.2,36,57,49.2,30.6,45.6,45,49.2,33,49.8,30,42.6667,53.4,38.4,28.8,52.2,40.8667,43.8,29.4,43.2,37.2,39,38.5333,46.8667,48,44.4,35.4,42.6,53.4667,
FACTORY timeMakingDevicesByGroup 0_Basic23,0,0,0,0,0,0,0,0,0,0,0,0,0,0,3.53333,1.73333,10.1333,21.0667,27.6667,33.4,12.8667,26.2,16,38.5333,22.4,34.2,28.1333,25.2667,31.9333,19.9333,36.0667,30.8667,11.3333,33.4,24.8667,29.4667,21.2,27.6667,24.6,19.4667,15.6667,14.3333,29.6667,25,12.6,24.6667,25.2667,19.7333,19.6,22.8667,22.4667,18.4667,17.7333,17.4667,20.8667,19.4667,16.6667,18.7333,20.2,14.4,18.6,16.2,17.6,10.9333,21.2667,16.8667,18.8,13,15.2667,15,20.0667,12.5333,12.1333,20.4,19.5333,9.13333,16.1333,17.2667,16.6,10.0667,16.8667,13.6,13.2,16.6,12.6667,9.86667,18.3333,12.4667,12.8,10.1333,14.5333,12.8667,14.8667,10.7333,16.8667,17,12.9333,10,14.0667,18.0667,
INDUSTRY timeMakingDevicesByGroup 0_Basic23,0,0,0,0,0,0,0,0,0,0,0,0,0,0,0,0,0,0,0,0,0,0,0,5.2,1.66667,4.4,3.13333,6.66667,4.26667,6.93333,7.4,4.2,0.8,10.8,5.93333,5,2.4,6.4,3.46667,4,4.2,2.66667,5.13333,1.8,1.73333,5.53333,4.66667,6,5.13333,3.33333,3.06667,1.93333,5.33333,2.93333,3.53333,4.46667,2.4,2.6,1.2,2.8,4.4,1.2,4.66667,1.86667,3.93333,2.86667,2.4,4.33333,2.4,3.46667,3,1.8,1.2,6.46667,1.8,1.2,4.46667,3,1.8,1.8,3.33333,1.2,2.4,3.6,1.8,1.8,2.46667,2.6,2.93333,1.8,2.53333,1.8,2.4,1.26667,3.6,2.46667,2.4,1.2,4.46667,3.8,
DEVMACHINE timeMakingDevicesByGroup 0_Basic23,0,0,0,0,0,0,0,0,0,0,0,0,0,0,0,0,0,0,0,0,0,0,0,0,0,0,0,0,0,0,0,0,0,0,0,0,0,0,0,0,0,0,0,0,0,0,0,0,0,0,0,0,0,0,0,0,0,0,0,0,0,0,0,0,0,0,0,0,0,0,0,0,0,0,0,0,0,0,0,0,0,0,0,0,0,0,0,0,0,0,0,0,0,0,0,0,0,0,0,0,
DEVFACTORY timeMakingDevicesByGroup 0_Basic23,0,0,0,0,0,0,0,0,0,0,0,0,0,0,0,0,0,0,0,0,0,0,0,0,0,0,0,0,0,0,0,0,0,0,0,0,0,0,0,0,0,0,0,0,0,0,0,0,0,0,0,0,0,0,0,0,0,0,0,0,0,0,0,0,0,0,0,0,0,0,0,0,0,0,0,0,0,0,0,0,0,0,0,0,0,0,0,0,0,0,0,0,0,0,0,0,0,0,0,0,
TOOL timeMakingDevicesByGroup 1_Basic23,-nan,-nan,-nan,-nan,-nan,-nan,-nan,-nan,-nan,-nan,-nan,-nan,-nan,-nan,-nan,-nan,-nan,-nan,-nan,-nan,-nan,-nan,-nan,-nan,-nan,-nan,-nan,-nan,-nan,-nan,-nan,-nan,-nan,-nan,-nan,-nan,-nan,-nan,-nan,-nan,-nan,-nan,-nan,-nan,-nan,-nan,-nan,-nan,-nan,-nan,-nan,-nan,-nan,-nan,-nan,-nan,-nan,-nan,-nan,-nan,-nan,-nan,-nan,-nan,-nan,-nan,-nan,-nan,-nan,-nan,-nan,-nan,-nan,-nan,-nan,-nan,-nan,-nan,-nan,-nan,-nan,-nan,-nan,-nan,-nan,-nan,-nan,-nan,-nan,-nan,-nan,-nan,-nan,-nan,-nan,-nan,-nan,-nan,-nan,-nan,
MACHINE timeMakingDevicesByGroup 1_Basic23,-nan,-nan,-nan,-nan,-nan,-nan,-nan,-nan,-nan,-nan,-nan,-nan,-nan,-nan,-nan,-nan,-nan,-nan,-nan,-nan,-nan,-nan,-nan,-nan,-nan,-nan,-nan,-nan,-nan,-nan,-nan,-nan,-nan,-nan,-nan,-nan,-nan,-nan,-nan,-nan,-nan,-nan,-nan,-nan,-nan,-nan,-nan,-nan,-nan,-nan,-nan,-nan,-nan,-nan,-nan,-nan,-nan,-nan,-nan,-nan,-nan,-nan,-nan,-nan,-nan,-nan,-nan,-nan,-nan,-nan,-nan,-nan,-nan,-nan,-nan,-nan,-nan,-nan,-nan,-nan,-nan,-nan,-nan,-nan,-nan,-nan,-nan,-nan,-nan,-nan,-nan,-nan,-nan,-nan,-nan,-nan,-nan,-nan,-nan,-nan,
FACTORY timeMakingDevicesByGroup 1_Basic23,-nan,-nan,-nan,-nan,-nan,-nan,-nan,-nan,-nan,-nan,-nan,-nan,-nan,-nan,-nan,-nan,-nan,-nan,-nan,-nan,-nan,-nan,-nan,-nan,-nan,-nan,-nan,-nan,-nan,-nan,-nan,-nan,-nan,-nan,-nan,-nan,-nan,-nan,-nan,-nan,-nan,-nan,-nan,-nan,-nan,-nan,-nan,-nan,-nan,-nan,-nan,-nan,-nan,-nan,-nan,-nan,-nan,-nan,-nan,-nan,-nan,-nan,-nan,-nan,-nan,-nan,-nan,-nan,-nan,-nan,-nan,-nan,-nan,-nan,-nan,-nan,-nan,-nan,-nan,-nan,-nan,-nan,-nan,-nan,-nan,-nan,-nan,-nan,-nan,-nan,-nan,-nan,-nan,-nan,-nan,-nan,-nan,-nan,-nan,-nan,
INDUSTRY timeMakingDevicesByGroup 1_Basic23,-nan,-nan,-nan,-nan,-nan,-nan,-nan,-nan,-nan,-nan,-nan,-nan,-nan,-nan,-nan,-nan,-nan,-nan,-nan,-nan,-nan,-nan,-nan,-nan,-nan,-nan,-nan,-nan,-nan,-nan,-nan,-nan,-nan,-nan,-nan,-nan,-nan,-nan,-nan,-nan,-nan,-nan,-nan,-nan,-nan,-nan,-nan,-nan,-nan,-nan,-nan,-nan,-nan,-nan,-nan,-nan,-nan,-nan,-nan,-nan,-nan,-nan,-nan,-nan,-nan,-nan,-nan,-nan,-nan,-nan,-nan,-nan,-nan,-nan,-nan,-nan,-nan,-nan,-nan,-nan,-nan,-nan,-nan,-nan,-nan,-nan,-nan,-nan,-nan,-nan,-nan,-nan,-nan,-nan,-nan,-nan,-nan,-nan,-nan,-nan,
DEVMACHINE timeMakingDevicesByGroup 1_Basic23,-nan,-nan,-nan,-nan,-nan,-nan,-nan,-nan,-nan,-nan,-nan,-nan,-nan,-nan,-nan,-nan,-nan,-nan,-nan,-nan,-nan,-nan,-nan,-nan,-nan,-nan,-nan,-nan,-nan,-nan,-nan,-nan,-nan,-nan,-nan,-nan,-nan,-nan,-nan,-nan,-nan,-nan,-nan,-nan,-nan,-nan,-nan,-nan,-nan,-nan,-nan,-nan,-nan,-nan,-nan,-nan,-nan,-nan,-nan,-nan,-nan,-nan,-nan,-nan,-nan,-nan,-nan,-nan,-nan,-nan,-nan,-nan,-nan,-nan,-nan,-nan,-nan,-nan,-nan,-nan,-nan,-nan,-nan,-nan,-nan,-nan,-nan,-nan,-nan,-nan,-nan,-nan,-nan,-nan,-nan,-nan,-nan,-nan,-nan,-nan,
DEVFACTORY timeMakingDevicesByGroup 1_Basic23,-nan,-nan,-nan,-nan,-nan,-nan,-nan,-nan,-nan,-nan,-nan,-nan,-nan,-nan,-nan,-nan,-nan,-nan,-nan,-nan,-nan,-nan,-nan,-nan,-nan,-nan,-nan,-nan,-nan,-nan,-nan,-nan,-nan,-nan,-nan,-nan,-nan,-nan,-nan,-nan,-nan,-nan,-nan,-nan,-nan,-nan,-nan,-nan,-nan,-nan,-nan,-nan,-nan,-nan,-nan,-nan,-nan,-nan,-nan,-nan,-nan,-nan,-nan,-nan,-nan,-nan,-nan,-nan,-nan,-nan,-nan,-nan,-nan,-nan,-nan,-nan,-nan,-nan,-nan,-nan,-nan,-nan,-nan,-nan,-nan,-nan,-nan,-nan,-nan,-nan,-nan,-nan,-nan,-nan,-nan,-nan,-nan,-nan,-nan,-nan,

timeGatheringWithoutDevicePerActiveAgent_Basic23,601,608,603.6,605.133,603.6,604.8,0,4.8,58.2,0,0,0,0,0,0,0,0,0,0,0,0,0,0,0,0,0,0,0,0,0,0,0,0,0,0,0,0,0,0,0,0,0,0,0,0,0,0,0,0,0,0,0,0,0,0,0,0,0,0,0,0,0,0,0,0,0,0,0,0,0,0,0,0,0,0,0,0,0,0,0,0,0,0,0,0,0,0,0,0,0,0,0,0,0,0,0,0,0,0,0,
timeGatheringWithoutDeviceByGroup 0_Basic23,601,608,603.6,605.133,603.6,604.8,0,4.8,58.2,0,0,0,0,0,0,0,0,0,0,0,0,0,0,0,0,0,0,0,0,0,0,0,0,0,0,0,0,0,0,0,0,0,0,0,0,0,0,0,0,0,0,0,0,0,0,0,0,0,0,0,0,0,0,0,0,0,0,0,0,0,0,0,0,0,0,0,0,0,0,0,0,0,0,0,0,0,0,0,0,0,0,0,0,0,0,0,0,0,0,0,
timeGatheringWithoutDeviceByGroup 1_Basic23,-nan,-nan,-nan,-nan,-nan,-nan,-nan,-nan,-nan,-nan,-nan,-nan,-nan,-nan,-nan,-nan,-nan,-nan,-nan,-nan,-nan,-nan,-nan,-nan,-nan,-nan,-nan,-nan,-nan,-nan,-nan,-nan,-nan,-nan,-nan,-nan,-nan,-nan,-nan,-nan,-nan,-nan,-nan,-nan,-nan,-nan,-nan,-nan,-nan,-nan,-nan,-nan,-nan,-nan,-nan,-nan,-nan,-nan,-nan,-nan,-nan,-nan,-nan,-nan,-nan,-nan,-nan,-nan,-nan,-nan,-nan,-nan,-nan,-nan,-nan,-nan,-nan,-nan,-nan,-nan,-nan,-nan,-nan,-nan,-nan,-nan,-nan,-nan,-nan,-nan,-nan,-nan,-nan,-nan,-nan,-nan,-nan,-nan,-nan,-nan,


TOOL_timeGatheringWithDevicePerActiveAgent_Basic23,0,0,296.267,208.133,241.8,257.467,308.133,311.8,226.8,454.6,453.2,449.067,466.4,466.267,317.467,268.333,16.4667,11.8667,60.7333,37.7333,3.8,0,0,0,0,0,0,0,0,0,0,0,0,0,0,0,0,0,0,0,0,0,0,0,0,0,0,0,0,0,0,0,0,0,0,0,0,0,0,0,0,0,0,0,0,0,0,0,0,0,0,0,0,0,0,0,0,0,0,0,0,0,0,0,0,0,0,0,0,0,0,0,0,0,0,0,0,0,0,0,
MACHINE_timeGatheringWithDevicePerActiveAgent_Basic23,0,0,0,0,0,0,0,0,0,0,0,0,0,0,0,155.333,248.933,368.733,379.067,319.867,268.4,259.733,77.7333,165.267,132.933,80.0667,100.867,36.4667,17.9333,5.2,0,0,0,0,0,0,0,0,0,0,0,0,0,1.2,0,0,4.33333,0,0,0,0,0,0,0,0,0,0,0,0,0,0,0,0,0,0,0,0,0,0,0,0,0,0,0,0,0,0,0,0,0,0,0,0,0,0,0,0,0,0,0,0,0,0,0,0,0,0,0,0,0,
FACTORY_timeGatheringWithDevicePerActiveAgent_Basic23,0,0,0,0,0,0,0,0,0,0,0,0,0,0,0,0,0,0,0,0,24.9333,150.4,165.067,273.467,216.933,200.333,338.467,251.4,396.533,352.067,244.8,286.4,157.533,170.933,48.4667,43.2,23.7333,73.1333,126.467,52.0667,78.6667,87.2667,38.7333,62.2,52.5333,49.9333,88.6,50.6667,68.5333,72.8,72.6,74.6667,65,83.1333,76.9333,76.4667,77.6667,86.9333,96.6,90.6,86.8667,84.6667,83.5333,93.9333,88.6,86.8667,77.5333,113.2,53.7333,103,81.2,93.7333,88.4,95.8,76.0667,106.533,89.2,90.6,78.1333,109,70.6667,107.067,68,117.533,85.4,82,101.4,78.2,112.933,71.1333,99.2667,90.8,100.867,87.4667,81.6,93.7333,105,80.0667,85.1333,101.733,
INDUSTRY_timeGatheringWithDevicePerActiveAgent_Basic23,0,0,0,0,0,0,0,0,0,0,0,0,0,0,0,0,0,0,0,0,0,0,0,0,0,0,0,6.33333,39.4,0.866667,17.5333,105.267,154.667,245.067,211.4,269.667,246.8,263.8,298.267,161.933,204.333,285.333,371.733,189,403.667,283,332.533,288.467,202.067,249.8,305.733,386.867,270.067,264,298.8,318.2,213,205.133,248.467,303.133,292.267,280.8,236.933,278.8,364.867,298.933,244.933,384.667,284.4,268.733,256.733,236.2,272.933,334.467,205.933,234.733,304.533,379.333,299.333,256.933,280.667,364.2,186.333,256.667,316,277.467,308.933,243.933,266.6,297.467,240.067,317,286.133,362.133,258.867,210.4,300.667,353.8,215.467,265.6,
TOOL_timeGatheringWithDeviceByGroup 0_Basic23,0,0,296.267,208.133,241.8,257.467,308.133,311.8,226.8,454.6,453.2,449.067,466.4,466.267,317.467,268.333,16.4667,11.8667,60.7333,37.7333,3.8,0,0,0,0,0,0,0,0,0,0,0,0,0,0,0,0,0,0,0,0,0,0,0,0,0,0,0,0,0,0,0,0,0,0,0,0,0,0,0,0,0,0,0,0,0,0,0,0,0,0,0,0,0,0,0,0,0,0,0,0,0,0,0,0,0,0,0,0,0,0,0,0,0,0,0,0,0,0,0,
MACHINE_timeGatheringWithDeviceByGroup 0_Basic23,0,0,0,0,0,0,0,0,0,0,0,0,0,0,0,155.333,248.933,368.733,379.067,319.867,268.4,259.733,77.7333,165.267,132.933,80.0667,100.867,36.4667,17.9333,5.2,0,0,0,0,0,0,0,0,0,0,0,0,0,1.2,0,0,4.33333,0,0,0,0,0,0,0,0,0,0,0,0,0,0,0,0,0,0,0,0,0,0,0,0,0,0,0,0,0,0,0,0,0,0,0,0,0,0,0,0,0,0,0,0,0,0,0,0,0,0,0,0,0,
FACTORY_timeGatheringWithDeviceByGroup 0_Basic23,0,0,0,0,0,0,0,0,0,0,0,0,0,0,0,0,0,0,0,0,24.9333,150.4,165.067,273.467,216.933,200.333,338.467,251.4,396.533,352.067,244.8,286.4,157.533,170.933,48.4667,43.2,23.7333,73.1333,126.467,52.0667,78.6667,87.2667,38.7333,62.2,52.5333,49.9333,88.6,50.6667,68.5333,72.8,72.6,74.6667,65,83.1333,76.9333,76.4667,77.6667,86.9333,96.6,90.6,86.8667,84.6667,83.5333,93.9333,88.6,86.8667,77.5333,113.2,53.7333,103,81.2,93.7333,88.4,95.8,76.0667,106.533,89.2,90.6,78.1333,109,70.6667,107.067,68,117.533,85.4,82,101.4,78.2,112.933,71.1333,99.2667,90.8,100.867,87.4667,81.6,93.7333,105,80.0667,85.1333,101.733,
INDUSTRY_timeGatheringWithDeviceByGroup 0_Basic23,0,0,0,0,0,0,0,0,0,0,0,0,0,0,0,0,0,0,0,0,0,0,0,0,0,0,0,6.33333,39.4,0.866667,17.5333,105.267,154.667,245.067,211.4,269.667,246.8,263.8,298.267,161.933,204.333,285.333,371.733,189,403.667,283,332.533,288.467,202.067,249.8,305.733,386.867,270.067,264,298.8,318.2,213,205.133,248.467,303.133,292.267,280.8,236.933,278.8,364.867,298.933,244.933,384.667,284.4,268.733,256.733,236.2,272.933,334.467,205.933,234.733,304.533,379.333,299.333,256.933,280.667,364.2,186.333,256.667,316,277.467,308.933,243.933,266.6,297.467,240.067,317,286.133,362.133,258.867,210.4,300.667,353.8,215.467,265.6,
TOOL_timeGatheringWithDeviceByGroup 1_Basic23,-nan,-nan,-nan,-nan,-nan,-nan,-nan,-nan,-nan,-nan,-nan,-nan,-nan,-nan,-nan,-nan,-nan,-nan,-nan,-nan,-nan,-nan,-nan,-nan,-nan,-nan,-nan,-nan,-nan,-nan,-nan,-nan,-nan,-nan,-nan,-nan,-nan,-nan,-nan,-nan,-nan,-nan,-nan,-nan,-nan,-nan,-nan,-nan,-nan,-nan,-nan,-nan,-nan,-nan,-nan,-nan,-nan,-nan,-nan,-nan,-nan,-nan,-nan,-nan,-nan,-nan,-nan,-nan,-nan,-nan,-nan,-nan,-nan,-nan,-nan,-nan,-nan,-nan,-nan,-nan,-nan,-nan,-nan,-nan,-nan,-nan,-nan,-nan,-nan,-nan,-nan,-nan,-nan,-nan,-nan,-nan,-nan,-nan,-nan,-nan,
MACHINE_timeGatheringWithDeviceByGroup 1_Basic23,-nan,-nan,-nan,-nan,-nan,-nan,-nan,-nan,-nan,-nan,-nan,-nan,-nan,-nan,-nan,-nan,-nan,-nan,-nan,-nan,-nan,-nan,-nan,-nan,-nan,-nan,-nan,-nan,-nan,-nan,-nan,-nan,-nan,-nan,-nan,-nan,-nan,-nan,-nan,-nan,-nan,-nan,-nan,-nan,-nan,-nan,-nan,-nan,-nan,-nan,-nan,-nan,-nan,-nan,-nan,-nan,-nan,-nan,-nan,-nan,-nan,-nan,-nan,-nan,-nan,-nan,-nan,-nan,-nan,-nan,-nan,-nan,-nan,-nan,-nan,-nan,-nan,-nan,-nan,-nan,-nan,-nan,-nan,-nan,-nan,-nan,-nan,-nan,-nan,-nan,-nan,-nan,-nan,-nan,-nan,-nan,-nan,-nan,-nan,-nan,
FACTORY_timeGatheringWithDeviceByGroup 1_Basic23,-nan,-nan,-nan,-nan,-nan,-nan,-nan,-nan,-nan,-nan,-nan,-nan,-nan,-nan,-nan,-nan,-nan,-nan,-nan,-nan,-nan,-nan,-nan,-nan,-nan,-nan,-nan,-nan,-nan,-nan,-nan,-nan,-nan,-nan,-nan,-nan,-nan,-nan,-nan,-nan,-nan,-nan,-nan,-nan,-nan,-nan,-nan,-nan,-nan,-nan,-nan,-nan,-nan,-nan,-nan,-nan,-nan,-nan,-nan,-nan,-nan,-nan,-nan,-nan,-nan,-nan,-nan,-nan,-nan,-nan,-nan,-nan,-nan,-nan,-nan,-nan,-nan,-nan,-nan,-nan,-nan,-nan,-nan,-nan,-nan,-nan,-nan,-nan,-nan,-nan,-nan,-nan,-nan,-nan,-nan,-nan,-nan,-nan,-nan,-nan,
INDUSTRY_timeGatheringWithDeviceByGroup 1_Basic23,-nan,-nan,-nan,-nan,-nan,-nan,-nan,-nan,-nan,-nan,-nan,-nan,-nan,-nan,-nan,-nan,-nan,-nan,-nan,-nan,-nan,-nan,-nan,-nan,-nan,-nan,-nan,-nan,-nan,-nan,-nan,-nan,-nan,-nan,-nan,-nan,-nan,-nan,-nan,-nan,-nan,-nan,-nan,-nan,-nan,-nan,-nan,-nan,-nan,-nan,-nan,-nan,-nan,-nan,-nan,-nan,-nan,-nan,-nan,-nan,-nan,-nan,-nan,-nan,-nan,-nan,-nan,-nan,-nan,-nan,-nan,-nan,-nan,-nan,-nan,-nan,-nan,-nan,-nan,-nan,-nan,-nan,-nan,-nan,-nan,-nan,-nan,-nan,-nan,-nan,-nan,-nan,-nan,-nan,-nan,-nan,-nan,-nan,-nan,-nan,

TOOL timeMakingDevicesPerActiveAgent_Basic23,0,0,214.333,69.2667,35,47,36.8,258.533,292.4,57.8667,76.2,79.4667,70.3333,67.1333,282.267,130.333,205.133,144.467,106.267,151.467,169.867,110.733,193,93.2667,142.867,183.667,99.4,185.733,92.7333,156.733,208.667,133.4,183.2,117,219.667,178.467,206.6,175.333,112.933,258.733,211.133,156,132.067,239.2,99.6,184.867,124.333,177.533,227.067,197.6,158.467,93.6667,184.333,178.4,161.533,146.6,221.6,220.333,182.4,150.667,159.667,168.667,201.267,168.133,107.4,154,201.867,74.4667,191.133,167.667,192.333,196.867,177.733,125.533,230.067,192.2,153.667,96,163.4,170.8,185.467,95.6,254.667,168.067,146.467,180,139.4,206.467,163.333,172.933,192.133,144.067,156.133,112.867,192.467,221,144.2,122.4,223.4,173.133,
MACHINE timeMakingDevicesPerActiveAgent_Basic23,0,0,0,0,0,0,0,0,0,0,0,0,0,0,0,45.5333,128,73.4,52.5333,89.3333,118.933,72.8,127.667,54.6,81.2667,93.4,45.9333,77.1333,36,50.4,77,48.5333,66.8667,41.2,74.9333,69.8667,78.4,57.6,41.4667,77.0667,65.0667,45.4667,33.7333,65.7333,26.0667,49.1333,31.3333,48.9333,62.4667,50.8667,40.1333,25.2,48,46.2667,40.6,36.6,55.2667,56.0667,45.6,37.2667,40.2,42.0667,50.4,42,27,38.4667,50.4,18.6,47.4667,42.0667,48.0667,49.2,44.4,31.2667,57.6667,48,38.4,24,40.8,42.6667,46.2,24.0667,63.6,42,36.6,45,34.8,51.6,40.8,43.2,48,36,39,28.2,48.0667,55.2,36,30.6,55.8,43.2667,
FACTORY timeMakingDevicesPerActiveAgent_Basic23,0,0,0,0,0,0,0,0,0,0,0,0,0,0,0,0,0,0,0,0,12.3333,4.66667,34,11.4667,23.8667,40.5333,13.9333,39.6667,15.9333,31,45,23.0667,29.6,19.7333,35,32.8,33.8667,24.4,18.0667,35.5333,34,21.1333,17.0667,33.4,13,25.5333,13.6667,25.4,35.3333,22.0667,18.2,16.1333,24.3333,23.5333,19.0667,15.9333,25.1333,26.7333,21.6667,15.6,16.2667,19.4,21.8,14,9.53333,16.8,20.5333,7.2,18.6667,15.3333,17.6,19.4,13.4667,9.66667,23.2,16,10.8,7.6,13.8667,16.2667,13.8,6.53333,20.0667,13.0667,11.9333,12.0667,11.4667,15.8667,13,11.2667,14.8667,9.73333,13.3333,7.53333,13.4,15.8,10.8,9.46667,15.1333,12.4667,
INDUSTRY timeMakingDevicesPerActiveAgent_Basic23,0,0,0,0,0,0,0,0,0,0,0,0,0,0,0,0,0,0,0,0,0,0,0,0,0,0,0,1.73333,0,1.73333,5.2,1.73333,6.66667,4.73333,8.2,4.26667,8.6,4.13333,1.46667,12.8667,4.93333,3.13333,5.26667,7.13333,4.06667,5.8,3.8,7.46667,2.93333,5.26667,3.26667,1.66667,6.53333,3.06667,1.66667,4.66667,5.53333,3.2,3.66667,1.2,3,2.93333,4.2,1.8,1.26667,3.33333,3.2,0.6,3.06667,1.8,2.4,3.13333,1.8,1.8,5.46667,1.2,1.93333,1.2,3,2.73333,1.8,1.26667,5.4,1.2,2.4,2,2.6,2.4,1.8,2.46667,4.13333,1.2,3,0.6,4,2.4,1.8,2.33333,3.66667,2.4,
DEVMACHINE timeMakingDevicesPerActiveAgent_Basic23,0,0,0,0,0,0,0,0,0,0,0,0,0,0,0,0,0,0,0,0,0,0,0,0,0,0,0,0,0,0,0,0,0,0,0,0,0,0,0,0,0,0,0,0,0,0,0,0,0,0,0,0,0,0,0,0,0,0,0,0,0,0,0,0,0,0,0,0,0,0,0,0,0,0,0,0,0,0,0,0,0,0,0,0,0,0,0,0,0,0,0,0,0,0,0,0,0,0,0,0,
DEVFACTORY timeMakingDevicesPerActiveAgent_Basic23,0,0,0,0,0,0,0,0,0,0,0,0,0,0,0,0,0,0,0,0,0,0,0,0,0,0,0,0,0,0,0,0,0,0,0,0,0,0,0,0,0,0,0,0,0,0,0,0,0,0,0,0,0,0,0,0,0,0,0,0,0,0,0,0,0,0,0,0,0,0,0,0,0,0,0,0,0,0,0,0,0,0,0,0,0,0,0,0,0,0,0,0,0,0,0,0,0,0,0,0,
TOOL timeMakingDevicesByGroup 0_Basic23,0,0,214.333,69.2667,35,47,36.8,258.533,292.4,57.8667,76.2,79.4667,70.3333,67.1333,282.267,130.333,205.133,144.467,106.267,151.467,169.867,110.733,193,93.2667,142.867,183.667,99.4,185.733,92.7333,156.733,208.667,133.4,183.2,117,219.667,178.467,206.6,175.333,112.933,258.733,211.133,156,132.067,239.2,99.6,184.867,124.333,177.533,227.067,197.6,158.467,93.6667,184.333,178.4,161.533,146.6,221.6,220.333,182.4,150.667,159.667,168.667,201.267,168.133,107.4,154,201.867,74.4667,191.133,167.667,192.333,196.867,177.733,125.533,230.067,192.2,153.667,96,163.4,170.8,185.467,95.6,254.667,168.067,146.467,180,139.4,206.467,163.333,172.933,192.133,144.067,156.133,112.867,192.467,221,144.2,122.4,223.4,173.133,
MACHINE timeMakingDevicesByGroup 0_Basic23,0,0,0,0,0,0,0,0,0,0,0,0,0,0,0,45.5333,128,73.4,52.5333,89.3333,118.933,72.8,127.667,54.6,81.2667,93.4,45.9333,77.1333,36,50.4,77,48.5333,66.8667,41.2,74.9333,69.8667,78.4,57.6,41.4667,77.0667,65.0667,45.4667,33.7333,65.7333,26.0667,49.1333,31.3333,48.9333,62.4667,50.8667,40.1333,25.2,48,46.2667,40.6,36.6,55.2667,56.0667,45.6,37.2667,40.2,42.0667,50.4,42,27,38.4667,50.4,18.6,47.4667,42.0667,48.0667,49.2,44.4,31.2667,57.6667,48,38.4,24,40.8,42.6667,46.2,24.0667,63.6,42,36.6,45,34.8,51.6,40.8,43.2,48,36,39,28.2,48.0667,55.2,36,30.6,55.8,43.2667,
FACTORY timeMakingDevicesByGroup 0_Basic23,0,0,0,0,0,0,0,0,0,0,0,0,0,0,0,0,0,0,0,0,12.3333,4.66667,34,11.4667,23.8667,40.5333,13.9333,39.6667,15.9333,31,45,23.0667,29.6,19.7333,35,32.8,33.8667,24.4,18.0667,35.5333,34,21.1333,17.0667,33.4,13,25.5333,13.6667,25.4,35.3333,22.0667,18.2,16.1333,24.3333,23.5333,19.0667,15.9333,25.1333,26.7333,21.6667,15.6,16.2667,19.4,21.8,14,9.53333,16.8,20.5333,7.2,18.6667,15.3333,17.6,19.4,13.4667,9.66667,23.2,16,10.8,7.6,13.8667,16.2667,13.8,6.53333,20.0667,13.0667,11.9333,12.0667,11.4667,15.8667,13,11.2667,14.8667,9.73333,13.3333,7.53333,13.4,15.8,10.8,9.46667,15.1333,12.4667,
INDUSTRY timeMakingDevicesByGroup 0_Basic23,0,0,0,0,0,0,0,0,0,0,0,0,0,0,0,0,0,0,0,0,0,0,0,0,0,0,0,1.73333,0,1.73333,5.2,1.73333,6.66667,4.73333,8.2,4.26667,8.6,4.13333,1.46667,12.8667,4.93333,3.13333,5.26667,7.13333,4.06667,5.8,3.8,7.46667,2.93333,5.26667,3.26667,1.66667,6.53333,3.06667,1.66667,4.66667,5.53333,3.2,3.66667,1.2,3,2.93333,4.2,1.8,1.26667,3.33333,3.2,0.6,3.06667,1.8,2.4,3.13333,1.8,1.8,5.46667,1.2,1.93333,1.2,3,2.73333,1.8,1.26667,5.4,1.2,2.4,2,2.6,2.4,1.8,2.46667,4.13333,1.2,3,0.6,4,2.4,1.8,2.33333,3.66667,2.4,
DEVMACHINE timeMakingDevicesByGroup 0_Basic23,0,0,0,0,0,0,0,0,0,0,0,0,0,0,0,0,0,0,0,0,0,0,0,0,0,0,0,0,0,0,0,0,0,0,0,0,0,0,0,0,0,0,0,0,0,0,0,0,0,0,0,0,0,0,0,0,0,0,0,0,0,0,0,0,0,0,0,0,0,0,0,0,0,0,0,0,0,0,0,0,0,0,0,0,0,0,0,0,0,0,0,0,0,0,0,0,0,0,0,0,
DEVFACTORY timeMakingDevicesByGroup 0_Basic23,0,0,0,0,0,0,0,0,0,0,0,0,0,0,0,0,0,0,0,0,0,0,0,0,0,0,0,0,0,0,0,0,0,0,0,0,0,0,0,0,0,0,0,0,0,0,0,0,0,0,0,0,0,0,0,0,0,0,0,0,0,0,0,0,0,0,0,0,0,0,0,0,0,0,0,0,0,0,0,0,0,0,0,0,0,0,0,0,0,0,0,0,0,0,0,0,0,0,0,0,
TOOL timeMakingDevicesByGroup 1_Basic23,-nan,-nan,-nan,-nan,-nan,-nan,-nan,-nan,-nan,-nan,-nan,-nan,-nan,-nan,-nan,-nan,-nan,-nan,-nan,-nan,-nan,-nan,-nan,-nan,-nan,-nan,-nan,-nan,-nan,-nan,-nan,-nan,-nan,-nan,-nan,-nan,-nan,-nan,-nan,-nan,-nan,-nan,-nan,-nan,-nan,-nan,-nan,-nan,-nan,-nan,-nan,-nan,-nan,-nan,-nan,-nan,-nan,-nan,-nan,-nan,-nan,-nan,-nan,-nan,-nan,-nan,-nan,-nan,-nan,-nan,-nan,-nan,-nan,-nan,-nan,-nan,-nan,-nan,-nan,-nan,-nan,-nan,-nan,-nan,-nan,-nan,-nan,-nan,-nan,-nan,-nan,-nan,-nan,-nan,-nan,-nan,-nan,-nan,-nan,-nan,
MACHINE timeMakingDevicesByGroup 1_Basic23,-nan,-nan,-nan,-nan,-nan,-nan,-nan,-nan,-nan,-nan,-nan,-nan,-nan,-nan,-nan,-nan,-nan,-nan,-nan,-nan,-nan,-nan,-nan,-nan,-nan,-nan,-nan,-nan,-nan,-nan,-nan,-nan,-nan,-nan,-nan,-nan,-nan,-nan,-nan,-nan,-nan,-nan,-nan,-nan,-nan,-nan,-nan,-nan,-nan,-nan,-nan,-nan,-nan,-nan,-nan,-nan,-nan,-nan,-nan,-nan,-nan,-nan,-nan,-nan,-nan,-nan,-nan,-nan,-nan,-nan,-nan,-nan,-nan,-nan,-nan,-nan,-nan,-nan,-nan,-nan,-nan,-nan,-nan,-nan,-nan,-nan,-nan,-nan,-nan,-nan,-nan,-nan,-nan,-nan,-nan,-nan,-nan,-nan,-nan,-nan,
FACTORY timeMakingDevicesByGroup 1_Basic23,-nan,-nan,-nan,-nan,-nan,-nan,-nan,-nan,-nan,-nan,-nan,-nan,-nan,-nan,-nan,-nan,-nan,-nan,-nan,-nan,-nan,-nan,-nan,-nan,-nan,-nan,-nan,-nan,-nan,-nan,-nan,-nan,-nan,-nan,-nan,-nan,-nan,-nan,-nan,-nan,-nan,-nan,-nan,-nan,-nan,-nan,-nan,-nan,-nan,-nan,-nan,-nan,-nan,-nan,-nan,-nan,-nan,-nan,-nan,-nan,-nan,-nan,-nan,-nan,-nan,-nan,-nan,-nan,-nan,-nan,-nan,-nan,-nan,-nan,-nan,-nan,-nan,-nan,-nan,-nan,-nan,-nan,-nan,-nan,-nan,-nan,-nan,-nan,-nan,-nan,-nan,-nan,-nan,-nan,-nan,-nan,-nan,-nan,-nan,-nan,
INDUSTRY timeMakingDevicesByGroup 1_Basic23,-nan,-nan,-nan,-nan,-nan,-nan,-nan,-nan,-nan,-nan,-nan,-nan,-nan,-nan,-nan,-nan,-nan,-nan,-nan,-nan,-nan,-nan,-nan,-nan,-nan,-nan,-nan,-nan,-nan,-nan,-nan,-nan,-nan,-nan,-nan,-nan,-nan,-nan,-nan,-nan,-nan,-nan,-nan,-nan,-nan,-nan,-nan,-nan,-nan,-nan,-nan,-nan,-nan,-nan,-nan,-nan,-nan,-nan,-nan,-nan,-nan,-nan,-nan,-nan,-nan,-nan,-nan,-nan,-nan,-nan,-nan,-nan,-nan,-nan,-nan,-nan,-nan,-nan,-nan,-nan,-nan,-nan,-nan,-nan,-nan,-nan,-nan,-nan,-nan,-nan,-nan,-nan,-nan,-nan,-nan,-nan,-nan,-nan,-nan,-nan,
DEVMACHINE timeMakingDevicesByGroup 1_Basic23,-nan,-nan,-nan,-nan,-nan,-nan,-nan,-nan,-nan,-nan,-nan,-nan,-nan,-nan,-nan,-nan,-nan,-nan,-nan,-nan,-nan,-nan,-nan,-nan,-nan,-nan,-nan,-nan,-nan,-nan,-nan,-nan,-nan,-nan,-nan,-nan,-nan,-nan,-nan,-nan,-nan,-nan,-nan,-nan,-nan,-nan,-nan,-nan,-nan,-nan,-nan,-nan,-nan,-nan,-nan,-nan,-nan,-nan,-nan,-nan,-nan,-nan,-nan,-nan,-nan,-nan,-nan,-nan,-nan,-nan,-nan,-nan,-nan,-nan,-nan,-nan,-nan,-nan,-nan,-nan,-nan,-nan,-nan,-nan,-nan,-nan,-nan,-nan,-nan,-nan,-nan,-nan,-nan,-nan,-nan,-nan,-nan,-nan,-nan,-nan,
DEVFACTORY timeMakingDevicesByGroup 1_Basic23,-nan,-nan,-nan,-nan,-nan,-nan,-nan,-nan,-nan,-nan,-nan,-nan,-nan,-nan,-nan,-nan,-nan,-nan,-nan,-nan,-nan,-nan,-nan,-nan,-nan,-nan,-nan,-nan,-nan,-nan,-nan,-nan,-nan,-nan,-nan,-nan,-nan,-nan,-nan,-nan,-nan,-nan,-nan,-nan,-nan,-nan,-nan,-nan,-nan,-nan,-nan,-nan,-nan,-nan,-nan,-nan,-nan,-nan,-nan,-nan,-nan,-nan,-nan,-nan,-nan,-nan,-nan,-nan,-nan,-nan,-nan,-nan,-nan,-nan,-nan,-nan,-nan,-nan,-nan,-nan,-nan,-nan,-nan,-nan,-nan,-nan,-nan,-nan,-nan,-nan,-nan,-nan,-nan,-nan,-nan,-nan,-nan,-nan,-nan,-nan,

timeGatheringWithoutDevicePerActiveAgent_Basic23,601,608,90.9333,324.333,324.867,297,256.2,29.7333,81.6667,87.2,70.8667,71.7333,62.8,66.1333,0,0,0,0,0,0,0,0,0,0,0,0,0,0,0,0,0,0,0,0,0,0,0,0,0,0,0,0,0,0,0,0,0,0,0,0,0,0,0,0,0,0,0,0,0,0,0,0,0,0,0,0,0,0,0,0,0,0,0,0,0,0,0,0,0,0,0,0,0,0,0,0,0,0,0,0,0,0,0,0,0,0,0,0,0,0,
timeGatheringWithoutDeviceByGroup 0_Basic23,601,608,90.9333,324.333,324.867,297,256.2,29.7333,81.6667,87.2,70.8667,71.7333,62.8,66.1333,0,0,0,0,0,0,0,0,0,0,0,0,0,0,0,0,0,0,0,0,0,0,0,0,0,0,0,0,0,0,0,0,0,0,0,0,0,0,0,0,0,0,0,0,0,0,0,0,0,0,0,0,0,0,0,0,0,0,0,0,0,0,0,0,0,0,0,0,0,0,0,0,0,0,0,0,0,0,0,0,0,0,0,0,0,0,
timeGatheringWithoutDeviceByGroup 1_Basic23,-nan,-nan,-nan,-nan,-nan,-nan,-nan,-nan,-nan,-nan,-nan,-nan,-nan,-nan,-nan,-nan,-nan,-nan,-nan,-nan,-nan,-nan,-nan,-nan,-nan,-nan,-nan,-nan,-nan,-nan,-nan,-nan,-nan,-nan,-nan,-nan,-nan,-nan,-nan,-nan,-nan,-nan,-nan,-nan,-nan,-nan,-nan,-nan,-nan,-nan,-nan,-nan,-nan,-nan,-nan,-nan,-nan,-nan,-nan,-nan,-nan,-nan,-nan,-nan,-nan,-nan,-nan,-nan,-nan,-nan,-nan,-nan,-nan,-nan,-nan,-nan,-nan,-nan,-nan,-nan,-nan,-nan,-nan,-nan,-nan,-nan,-nan,-nan,-nan,-nan,-nan,-nan,-nan,-nan,-nan,-nan,-nan,-nan,-nan,-nan,


TOOL_timeGatheringWithDevicePerActiveAgent_Basic23,0,0,0,0,0,0,0,0,386.133,89.3333,515.8,424.933,306.8,523.533,153.067,25.0667,25.4,23.6,0,0,0,0,0,0,0,0,0,0,0,0,0,0,0,0,0,0,0,0,0,0,0,0,0,0,0,0,0,0,0,0,0,0,0,0,0,0,0,0,0,0,0,0,0,0,0,0,0,0,0,0,0,0,0,0,0,0,0,0,0,0,0,0,0,0,0,0,0,0,0,0,0,0,0,0,0,0,0,0,0,0,
MACHINE_timeGatheringWithDevicePerActiveAgent_Basic23,0,0,0,0,0,0,0,0,0,0,0,0,0,0,246.333,275.867,328.6,254.467,267,84.2667,94.8667,58.0667,44.1333,21.2,26.3333,29.6667,2.73333,1.33333,0.2,0,0,0,0,0,0,0,0,0,0,0,0,0,0,0,0,0,0,0,0,0,0,0,0,0,0,0,0,0,0,0,0,0,0,0,0,0,0,0,0,0,0,0,0,0,0,0,0,0,0,0,0,0,0,0,0,0,0,0,0,0,0,0,0,0,0,0,0,0,0,0,
FACTORY_timeGatheringWithDevicePerActiveAgent_Basic23,0,0,0,0,0,0,0,0,0,0,0,0,0,0,0,0,0,0,40.0667,201.2,230.933,237.267,329.933,289.8,398.8,339,393,440.133,445.867,342.667,455.733,403.8,379.4,314.867,186.067,229,98.4667,142.933,1.53333,47.6667,5.8,18.8667,27.8,33.5333,40.2667,43.1333,63.4667,69.6667,64.6667,76.2667,65.0667,94.8667,64.4,82.0667,72.2667,91.4,74.1333,78,76.0667,83.7333,90.2,60.5333,88.5333,72,94.3333,67.9333,85.6,79.6667,93.3333,82.8667,66.5333,88.8,106.6,78.6,61.4667,113.067,73.4,99.9333,68.6667,81.1333,100.2,89.6,65.7333,106.6,81.2667,94.6,75.2667,90.6,91.8,92,82.4667,69.5333,104.267,93.5333,80.1333,76.5333,105.067,89.7333,91.9333,64.7333,
INDUSTRY_timeGatheringWithDevicePerActiveAgent_Basic23,0,0,0,0,0,0,0,0,0,0,0,0,0,0,0,0,0,0,0,0,0,0,0,0,0,0,0,0,0,0,0,0,5.2,85.0667,120.733,131.467,148.933,231.733,114.4,258,349.133,287.267,208.267,327.8,377.067,240,220.333,303.8,317.6,267.933,207.733,327.467,277.667,288.267,225.333,391.333,220.933,302.6,299.533,282.6,335.867,266.133,354.533,203.133,310.733,282,247.4,242.2,336.533,409.4,247.733,204.2,294.133,366.467,286.4,239.267,257.267,320.4,351,297.733,220.667,281.467,228.067,275.867,310.533,331.4,270.667,278.667,248.333,365.667,319.6,182.667,279.2,375.733,313.4,234.133,215,316.133,378.333,211.467,
TOOL_timeGatheringWithDeviceByGroup 0_Basic23,0,0,0,0,0,0,0,0,386.133,89.3333,515.8,424.933,306.8,523.533,153.067,25.0667,25.4,23.6,0,0,0,0,0,0,0,0,0,0,0,0,0,0,0,0,0,0,0,0,0,0,0,0,0,0,0,0,0,0,0,0,0,0,0,0,0,0,0,0,0,0,0,0,0,0,0,0,0,0,0,0,0,0,0,0,0,0,0,0,0,0,0,0,0,0,0,0,0,0,0,0,0,0,0,0,0,0,0,0,0,0,
MACHINE_timeGatheringWithDeviceByGroup 0_Basic23,0,0,0,0,0,0,0,0,0,0,0,0,0,0,246.333,275.867,328.6,254.467,267,84.2667,94.8667,58.0667,44.1333,21.2,26.3333,29.6667,2.73333,1.33333,0.2,0,0,0,0,0,0,0,0,0,0,0,0,0,0,0,0,0,0,0,0,0,0,0,0,0,0,0,0,0,0,0,0,0,0,0,0,0,0,0,0,0,0,0,0,0,0,0,0,0,0,0,0,0,0,0,0,0,0,0,0,0,0,0,0,0,0,0,0,0,0,0,
FACTORY_timeGatheringWithDeviceByGroup 0_Basic23,0,0,0,0,0,0,0,0,0,0,0,0,0,0,0,0,0,0,40.0667,201.2,230.933,237.267,329.933,289.8,398.8,339,393,440.133,445.867,342.667,455.733,403.8,379.4,314.867,186.067,229,98.4667,142.933,1.53333,47.6667,5.8,18.8667,27.8,33.5333,40.2667,43.1333,63.4667,69.6667,64.6667,76.2667,65.0667,94.8667,64.4,82.0667,72.2667,91.4,74.1333,78,76.0667,83.7333,90.2,60.5333,88.5333,72,94.3333,67.9333,85.6,79.6667,93.3333,82.8667,66.5333,88.8,106.6,78.6,61.4667,113.067,73.4,99.9333,68.6667,81.1333,100.2,89.6,65.7333,106.6,81.2667,94.6,75.2667,90.6,91.8,92,82.4667,69.5333,104.267,93.5333,80.1333,76.5333,105.067,89.7333,91.9333,64.7333,
INDUSTRY_timeGatheringWithDeviceByGroup 0_Basic23,0,0,0,0,0,0,0,0,0,0,0,0,0,0,0,0,0,0,0,0,0,0,0,0,0,0,0,0,0,0,0,0,5.2,85.0667,120.733,131.467,148.933,231.733,114.4,258,349.133,287.267,208.267,327.8,377.067,240,220.333,303.8,317.6,267.933,207.733,327.467,277.667,288.267,225.333,391.333,220.933,302.6,299.533,282.6,335.867,266.133,354.533,203.133,310.733,282,247.4,242.2,336.533,409.4,247.733,204.2,294.133,366.467,286.4,239.267,257.267,320.4,351,297.733,220.667,281.467,228.067,275.867,310.533,331.4,270.667,278.667,248.333,365.667,319.6,182.667,279.2,375.733,313.4,234.133,215,316.133,378.333,211.467,

TOOL timeMakingDevicesPerActiveAgent_Basic23,0,0,0,0,0,0,0,0,213.467,510.8,59.0667,110,293.133,76.0667,164.733,182.733,175.333,204.133,173.333,182.4,169.067,179.6,129.533,176.6,108.333,150.267,133.133,108.6,104.8,178.533,100.867,137.4,139.6,129,197.667,145.2,218.333,142,285.6,197.467,153.533,191.333,245.8,157.867,124.933,221.067,223.4,155.467,154.333,179.467,235.6,123.6,184.867,165.133,219.133,82.8667,214.867,159.933,163.2,169.267,122.733,201.733,115.267,238.533,141.067,182.6,196.333,204.8,124.867,76.8667,211.4,226.6,145.867,114.133,186.2,180.2,201.8,133.267,133.267,164,206.2,170.467,223.2,163.933,154.467,129.733,187.4,172.933,192.2,105.6,144.267,260.667,162.067,96.1333,154.267,214,208.2,144.667,96,240.4,
MACHINE timeMakingDevicesPerActiveAgent_Basic23,0,0,0,0,0,0,0,0,0,0,0,0,0,0,35.0667,115.2,69.2,116.467,107.667,105.333,87.7333,89.2,75.2,84.7333,46.0667,56.3333,47.5333,31.7333,31.4,49,27.7333,37.3333,50.2667,48.1333,62.5333,63.2667,87.7333,55.7333,125.533,68.9333,60.7333,61.5333,77.1333,46.6667,35.4667,60.4667,57.7333,40.8667,39.0667,45.8,60.1333,31.2667,46.4667,40.8667,54.8,21,54,39.6667,40.8,42.6,30.6667,50.4,28.8,59.5333,35.4,45.6667,48.6,51.6,31.2,19.2,52.2667,57.0667,36.6,28.2,46.8,45,50.4,33,33.6,40.8,51.6,42.6,55.8,40.8,38.4667,32.4,46.8,43.2,48,26.4,36.0667,64.8,40.8,24,38.4,53.4,52.2,36,24,60.0667,
FACTORY timeMakingDevicesPerActiveAgent_Basic23,0,0,0,0,0,0,0,0,0,0,0,0,0,0,0,0,0,0,10.5333,24.7333,15.2,33.5333,19.3333,25.6667,18.8,23.0667,22,16.4,16.2,28.1333,14.3333,19.9333,22.4,18.1333,26.0667,24.2,34.4,21.4667,52.4667,26.7333,24.6667,30.6,29.3333,27.6,17.2,23.8,25.9333,27.4667,16.6,27.5333,22,18.4,20.4,17.6,19.7333,10.8,28.8667,15.9333,15.2667,17.8,13.8,16.8667,10.4,19.1333,14.6,15.8667,17.2,17.6,11,7.93333,16.8,16.8667,13.1333,10.0667,14,14.4,13.9333,9.66667,10.4667,11.3333,16.4667,11.3333,19.2,10.3333,11.3333,7.86667,15.1333,11.4,14.2,6.66667,11.3333,17.0667,10.2667,7.4,10.3333,16.0667,13.6667,10.3333,6.66667,17.3333,
INDUSTRY timeMakingDevicesPerActiveAgent_Basic23,0,0,0,0,0,0,0,0,0,0,0,0,0,0,0,0,0,0,0,0,0,0,0,0,0,0,0,0,0,0,0,0,1.73333,3.4,5.2,5.2,10.4,4.86667,18,0,4.86667,8.53333,9.8,4.93333,3.46667,9.8,7.33333,1.26667,6.06667,1.46667,7.6,2.73333,4.53333,4.46667,6.86667,1.33333,5,2.46667,3.26667,2.4,5.2,2.6,1.2,5.8,2.33333,4.4,3.2,2.53333,1.73333,2.33333,3.6,4.86667,2.06667,1.2,3.66667,6.33333,1.8,2.33333,1.8,3.53333,3,3.2,6.46667,1.2,2.46667,2.33333,3.13333,1.8,3.86667,2.33333,4.66667,3.6,2.2,1.93333,1.86667,4.13333,4.46667,1.8,1.93333,4.2,
DEVMACHINE timeMakingDevicesPerActiveAgent_Basic23,0,0,0,0,0,0,0,0,0,0,0,0,0,0,0,0,0,0,0,0,0,0,0,0,0,0,0,0,0,0,0,0,0,0,0,0,0,0,0,0,0,0,0,0,0,0,0,0,0,0,0,0,0,0,0,0,0,0,0,0,0,0,0,0,0,0,0,0,0,0,0,0,0,0,0,0,0,0,0,0,0,0,0,0,0,0,0,0,0,0,0,0,0,0,0,0,0,0,0,0,
DEVFACTORY timeMakingDevicesPerActiveAgent_Basic23,0,0,0,0,0,0,0,0,0,0,0,0,0,0,0,0,0,0,0,0,0,0,0,0,0,0,0,0,0,0,0,0,0,0,0,0,0,0,0,0,0,0,0,0,0,0,0,0,0,0,0,0,0,0,0,0,0,0,0,0,0,0,0,0,0,0,0,0,0,0,0,0,0,0,0,0,0,0,0,0,0,0,0,0,0,0,0,0,0,0,0,0,0,0,0,0,0,0,0,0,
TOOL timeMakingDevicesByGroup 0_Basic23,0,0,0,0,0,0,0,0,213.467,510.8,59.0667,110,293.133,76.0667,164.733,182.733,175.333,204.133,173.333,182.4,169.067,179.6,129.533,176.6,108.333,150.267,133.133,108.6,104.8,178.533,100.867,137.4,139.6,129,197.667,145.2,218.333,142,285.6,197.467,153.533,191.333,245.8,157.867,124.933,221.067,223.4,155.467,154.333,179.467,235.6,123.6,184.867,165.133,219.133,82.8667,214.867,159.933,163.2,169.267,122.733,201.733,115.267,238.533,141.067,182.6,196.333,204.8,124.867,76.8667,211.4,226.6,145.867,114.133,186.2,180.2,201.8,133.267,133.267,164,206.2,170.467,223.2,163.933,154.467,129.733,187.4,172.933,192.2,105.6,144.267,260.667,162.067,96.1333,154.267,214,208.2,144.667,96,240.4,
MACHINE timeMakingDevicesByGroup 0_Basic23,0,0,0,0,0,0,0,0,0,0,0,0,0,0,35.0667,115.2,69.2,116.467,107.667,105.333,87.7333,89.2,75.2,84.7333,46.0667,56.3333,47.5333,31.7333,31.4,49,27.7333,37.3333,50.2667,48.1333,62.5333,63.2667,87.7333,55.7333,125.533,68.9333,60.7333,61.5333,77.1333,46.6667,35.4667,60.4667,57.7333,40.8667,39.0667,45.8,60.1333,31.2667,46.4667,40.8667,54.8,21,54,39.6667,40.8,42.6,30.6667,50.4,28.8,59.5333,35.4,45.6667,48.6,51.6,31.2,19.2,52.2667,57.0667,36.6,28.2,46.8,45,50.4,33,33.6,40.8,51.6,42.6,55.8,40.8,38.4667,32.4,46.8,43.2,48,26.4,36.0667,64.8,40.8,24,38.4,53.4,52.2,36,24,60.0667,
FACTORY timeMakingDevicesByGroup 0_Basic23,0,0,0,0,0,0,0,0,0,0,0,0,0,0,0,0,0,0,10.5333,24.7333,15.2,33.5333,19.3333,25.6667,18.8,23.0667,22,16.4,16.2,28.1333,14.3333,19.9333,22.4,18.1333,26.0667,24.2,34.4,21.4667,52.4667,26.7333,24.6667,30.6,29.3333,27.6,17.2,23.8,25.9333,27.4667,16.6,27.5333,22,18.4,20.4,17.6,19.7333,10.8,28.8667,15.9333,15.2667,17.8,13.8,16.8667,10.4,19.1333,14.6,15.8667,17.2,17.6,11,7.93333,16.8,16.8667,13.1333,10.0667,14,14.4,13.9333,9.66667,10.4667,11.3333,16.4667,11.3333,19.2,10.3333,11.3333,7.86667,15.1333,11.4,14.2,6.66667,11.3333,17.0667,10.2667,7.4,10.3333,16.0667,13.6667,10.3333,6.66667,17.3333,
INDUSTRY timeMakingDevicesByGroup 0_Basic23,0,0,0,0,0,0,0,0,0,0,0,0,0,0,0,0,0,0,0,0,0,0,0,0,0,0,0,0,0,0,0,0,1.73333,3.4,5.2,5.2,10.4,4.86667,18,0,4.86667,8.53333,9.8,4.93333,3.46667,9.8,7.33333,1.26667,6.06667,1.46667,7.6,2.73333,4.53333,4.46667,6.86667,1.33333,5,2.46667,3.26667,2.4,5.2,2.6,1.2,5.8,2.33333,4.4,3.2,2.53333,1.73333,2.33333,3.6,4.86667,2.06667,1.2,3.66667,6.33333,1.8,2.33333,1.8,3.53333,3,3.2,6.46667,1.2,2.46667,2.33333,3.13333,1.8,3.86667,2.33333,4.66667,3.6,2.2,1.93333,1.86667,4.13333,4.46667,1.8,1.93333,4.2,
DEVMACHINE timeMakingDevicesByGroup 0_Basic23,0,0,0,0,0,0,0,0,0,0,0,0,0,0,0,0,0,0,0,0,0,0,0,0,0,0,0,0,0,0,0,0,0,0,0,0,0,0,0,0,0,0,0,0,0,0,0,0,0,0,0,0,0,0,0,0,0,0,0,0,0,0,0,0,0,0,0,0,0,0,0,0,0,0,0,0,0,0,0,0,0,0,0,0,0,0,0,0,0,0,0,0,0,0,0,0,0,0,0,0,
DEVFACTORY timeMakingDevicesByGroup 0_Basic23,0,0,0,0,0,0,0,0,0,0,0,0,0,0,0,0,0,0,0,0,0,0,0,0,0,0,0,0,0,0,0,0,0,0,0,0,0,0,0,0,0,0,0,0,0,0,0,0,0,0,0,0,0,0,0,0,0,0,0,0,0,0,0,0,0,0,0,0,0,0,0,0,0,0,0,0,0,0,0,0,0,0,0,0,0,0,0,0,0,0,0,0,0,0,0,0,0,0,0,0,

timeGatheringWithoutDevicePerActiveAgent_Basic23,601,608,603.733,605.333,603.933,605.4,601.867,603.2,0,0,25.1333,64.4667,0,0,0,0,0,0,0,0,0,0,0,0,0,0,0,0,0,0,0,0,0,0,0,0,0,0,0,0,0,0,0,0,0,0,0,0,0,0,0,0,0,0,0,0,0,0,0,0,0,0,0,0,0,0,0,0,0,0,0,0,0,0,0,0,0,0,0,0,0,0,0,0,0,0,0,0,0,0,0,0,0,0,0,0,0,0,0,0,
timeGatheringWithoutDeviceByGroup 0_Basic23,601,608,603.733,605.333,603.933,605.4,601.867,603.2,0,0,25.1333,64.4667,0,0,0,0,0,0,0,0,0,0,0,0,0,0,0,0,0,0,0,0,0,0,0,0,0,0,0,0,0,0,0,0,0,0,0,0,0,0,0,0,0,0,0,0,0,0,0,0,0,0,0,0,0,0,0,0,0,0,0,0,0,0,0,0,0,0,0,0,0,0,0,0,0,0,0,0,0,0,0,0,0,0,0,0,0,0,0,0,


TOOL_timeGatheringWithDevicePerActiveAgent_Basic23,0,0,0,0,0,0,0,172.133,513.4,269.6,315.533,138.333,29.5333,65.8667,48.0667,28.6667,3.2,0,0,0,0,0,0,0,0,0,0,0,0,0,0,0,0,0,0,0,0,0,0,0,0,0,0,0,0,0,0,0,0,0,0,0,0,0,0,0,0,0,0,0,0,0,0,0,0,0,0,0,0,0,0,0,0,0,0,0,0,0,0,0,0,0,0,0,0,0,0,0,0,0,0,0,0,0,0,0,0,0,0,0,
MACHINE_timeGatheringWithDevicePerActiveAgent_Basic23,0,0,0,0,0,0,0,0,0,0,0,124.867,320.4,274.8,397.733,304.933,390.467,443.6,470.4,451.133,126,11.6,37.4,73.2,47.4,22.7333,13.5333,17.2667,0,0,0,0,0,0,0,0,0,0,0,0,0,0,0,0,0,0,0,0,0,0,0,0,0,0,0,0,0,0,0,0,0,0,0,0,0,0,0,0,0,0,0,0,0,0,0,0,0,0,0,0,0,0,0,0,0,0,0,0,0,0,0,0,0,0,0,0,0,0,0,0,
FACTORY_timeGatheringWithDevicePerActiveAgent_Basic23,0,0,0,0,0,0,0,0,0,0,0,0,0,0,0,0,0,0,0,0,149.933,188.267,352.2,283,345.267,339.6,330.2,453.333,313.267,489.867,294.867,116.667,251.6,254.533,171.4,202.6,244.733,187.067,31.7333,47.2,46.5333,25.2667,44.8667,86.1333,87,41.4667,55.6,65.1333,96.5333,53.8,71.1333,86.0667,76.3333,51.0667,55.2667,62.2,83.8,79.3333,44.3333,72,92.4667,60.5333,69.2667,80.1333,111.533,48.0667,55.7333,50.8667,61.6,74.8,115.867,45.2,59,57.8667,85.4667,52.3333,108.133,118.333,59.6,53.2667,84,65.6667,79,107.467,110.733,62.8,75.7333,67.3333,55.5333,67.0667,87.4,66.8,47.2667,81.8667,112.267,67.2,64.1333,85.8667,84.4,84.0667,
INDUSTRY_timeGatheringWithDevicePerActiveAgent_Basic23,0,0,0,0,0,0,0,0,0,0,0,0,0,0,0,0,0,0,0,0,0,0,0,0,0,0,0,0,0,0,20.4,196,124.6,56.1333,147.533,135.333,219.267,122.8,144.533,306.133,272.4,224.6,293.933,211.733,353.467,335.467,305.467,286.867,294,261.133,266.933,219.133,332.467,312.4,270.6,236.867,294.4,360.533,261.2,307,279.6,287.067,334.2,294.333,236.867,267.2,343.267,320.333,211.8,289.133,378.933,304.867,242.067,310.4,437.333,229,220.733,272.067,293.867,313.467,399.533,287.8,218.2,310.4,333.8,173.667,306.733,326.133,358.2,223.933,286.867,456.667,199.8,173.467,295.267,405.667,248.467,231.133,296.267,377.533,
TOOL_timeGatheringWithDeviceByGroup 0_Basic23,0,0,0,0,0,0,0,172.133,513.4,269.6,315.533,138.333,29.5333,65.8667,48.0667,28.6667,3.2,0,0,0,0,0,0,0,0,0,0,0,0,0,0,0,0,0,0,0,0,0,0,0,0,0,0,0,0,0,0,0,0,0,0,0,0,0,0,0,0,0,0,0,0,0,0,0,0,0,0,0,0,0,0,0,0,0,0,0,0,0,0,0,0,0,0,0,0,0,0,0,0,0,0,0,0,0,0,0,0,0,0,0,
MACHINE_timeGatheringWithDeviceByGroup 0_Basic23,0,0,0,0,0,0,0,0,0,0,0,124.867,320.4,274.8,397.733,304.933,390.467,443.6,470.4,451.133,126,11.6,37.4,73.2,47.4,22.7333,13.5333,17.2667,0,0,0,0,0,0,0,0,0,0,0,0,0,0,0,0,0,0,0,0,0,0,0,0,0,0,0,0,0,0,0,0,0,0,0,0,0,0,0,0,0,0,0,0,0,0,0,0,0,0,0,0,0,0,0,0,0,0,0,0,0,0,0,0,0,0,0,0,0,0,0,0,
FACTORY_timeGatheringWithDeviceByGroup 0_Basic23,0,0,0,0,0,0,0,0,0,0,0,0,0,0,0,0,0,0,0,0,149.933,188.267,352.2,283,345.267,339.6,330.2,453.333,313.267,489.867,294.867,116.667,251.6,254.533,171.4,202.6,244.733,187.067,31.7333,47.2,46.5333,25.2667,44.8667,86.1333,87,41.4667,55.6,65.1333,96.5333,53.8,71.1333,86.0667,76.3333,51.0667,55.2667,62.2,83.8,79.3333,44.3333,72,92.4667,60.5333,69.2667,80.1333,111.533,48.0667,55.7333,50.8667,61.6,74.8,115.867,45.2,59,57.8667,85.4667,52.3333,108.133,118.333,59.6,53.2667,84,65.6667,79,107.467,110.733,62.8,75.7333,67.3333,55.5333,67.0667,87.4,66.8,47.2667,81.8667,112.267,67.2,64.1333,85.8667,84.4,84.0667,
INDUSTRY_timeGatheringWithDeviceByGroup 0_Basic23,0,0,0,0,0,0,0,0,0,0,0,0,0,0,0,0,0,0,0,0,0,0,0,0,0,0,0,0,0,0,20.4,196,124.6,56.1333,147.533,135.333,219.267,122.8,144.533,306.133,272.4,224.6,293.933,211.733,353.467,335.467,305.467,286.867,294,261.133,266.933,219.133,332.467,312.4,270.6,236.867,294.4,360.533,261.2,307,279.6,287.067,334.2,294.333,236.867,267.2,343.267,320.333,211.8,289.133,378.933,304.867,242.067,310.4,437.333,229,220.733,272.067,293.867,313.467,399.533,287.8,218.2,310.4,333.8,173.667,306.733,326.133,358.2,223.933,286.867,456.667,199.8,173.467,295.267,405.667,248.467,231.133,296.267,377.533,

TOOL timeMakingDevicesPerActiveAgent_Basic23,0,0,0,0,0,0,0,427.867,86.2,284.6,284.267,224.067,181,192.467,108,170.467,129.8,90.9333,78.5333,93.8667,200,251.2,130.933,146.733,127.133,154.6,171.267,87.6,198.733,71,182.2,184.6,141.667,186.733,184.933,174.667,85.4667,183.533,270.133,167.6,183.4,234.333,172.933,203.067,108,157.467,165.133,170.667,148.267,199.333,185.533,211.4,136.867,167.467,196.933,216.867,158,115.267,214,160.933,164.6,183.8,144.067,163.467,183.8,210.733,148.267,168,240.733,172.533,76.8,183.2,220.533,172.933,57.6,231,201.667,153.733,182.4,172.867,86.5333,182.667,221.333,135.2,114.6,269,163.333,147.2,136.4,225.667,163.333,57.6,259.667,255.133,138.8,96,213.267,209.533,160.867,101,
MACHINE timeMakingDevicesPerActiveAgent_Basic23,0,0,0,0,0,0,0,0,0,0,0,111.733,67.8667,65.6,44.6,94.4,75.4,64.4,49.8,53.7333,90.5333,107.2,62.5333,72.1333,57.6667,58.2667,56.6,26.8,56.2667,25.7333,66.1333,59.2,51.2,66.8,63.9333,58.6,31.6667,65.5333,92.8667,49.6667,59.3333,71.4,52.3333,60.8,30.9333,39.8667,44.9333,47.8667,36.7333,50.6667,47.6,53,34.9333,42,49.2667,55.8667,39.6,30.6,53.4,40.2667,42.6,46.2667,36,42.6,45.6,52.8,37.2,42,60,47.2667,19.2,45.6,55.2667,43.2,14.4,61.9333,50.4,38.4667,45.6,43.2,21.6667,45.6667,60.0667,33.6667,28.8,67.2,40.8,42.2,35.9333,60.6,43.2667,14.4,64.8667,65.5333,35.8667,24,52.8,53.2,40.8,25.4,
FACTORY timeMakingDevicesPerActiveAgent_Basic23,0,0,0,0,0,0,0,0,0,0,0,0,0,0,0,0,0,0,0,0,31.8667,39.6667,15.2667,22.9333,20.7333,22.9333,26.6,13.3333,30.0667,12.2,29.4,34.8,27.4,28.8667,27.5333,23.8667,13.0667,31.6,50.0667,24.7333,28.4,32.8,29.2,29.0667,17.7333,17.0667,23.2,21.6667,18.7333,26.6667,24.6,23.7333,14.6,22.3333,20.6,23.2667,17.2,11.2667,21.0667,14.0667,16.3333,16.2667,12.6667,15.2,15.5333,16.2,11.2,14.7333,19.1333,13.8,5.93333,14.6667,17.5333,11.5333,4,19.2,14.0667,12.6667,11.6,13.6,5.86667,13.7333,16.6667,9.2,9,20.0667,10.4,11.9333,10,16.9333,15.6,3.6,18.4,18,13.3333,6,13.2667,16.2667,13.8,10.1333,
INDUSTRY timeMakingDevicesPerActiveAgent_Basic23,0,0,0,0,0,0,0,0,0,0,0,0,0,0,0,0,0,0,0,0,0,0,0,0,0,0,0,0,0,0,5.2,6.93333,1.73333,5.2,2.8,3.46667,4.93333,7.73333,8.66667,3.46667,8.06667,9.53333,5.2,7.26667,1.6,6.86667,4.2,6.13333,4.13333,6.6,3.13333,4.93333,3.33333,3.13333,5.73333,3.2,5.33333,1.73333,4.26667,4.33333,2.8,4.66667,2.66667,2.73333,4.93333,3.73333,2.93333,2.66667,5.06667,1.2,2.2,4.8,4.13333,2.93333,0,4.66667,3.53333,3.2,5.53333,2.4,1.4,3,3.46667,2.93333,1.8,5.46667,1.73333,4.06667,2.4,4.13333,1.8,0,8.13333,4.46667,2.93333,0,6.4,2.4,2.46667,0.733333,
DEVMACHINE timeMakingDevicesPerActiveAgent_Basic23,0,0,0,0,0,0,0,0,0,0,0,0,0,0,0,0,0,0,0,0,0,0,0,0,0,0,0,0,0,0,0,0,0,0,0,0,0,0,0,0,0,0,0,0,0,0,0,0,0,0,0,0,0,0,0,0,0,0,0,0,0,0,0,0,0,0,0,0,0,0,0,0,0,0,0,0,0,0,0,0,0,0,0,0,0,0,0,0,0,0,0,0,0,0,0,0,0,0,0,0,
DEVFACTORY timeMakingDevicesPerActiveAgent_Basic23,0,0,0,0,0,0,0,0,0,0,0,0,0,0,0,0,0,0,0,0,0,0,0,0,0,0,0,0,0,0,0,0,0,0,0,0,0,0,0,0,0,0,0,0,0,0,0,0,0,0,0,0,0,0,0,0,0,0,0,0,0,0,0,0,0,0,0,0,0,0,0,0,0,0,0,0,0,0,0,0,0,0,0,0,0,0,0,0,0,0,0,0,0,0,0,0,0,0,0,0,
TOOL timeMakingDevicesByGroup 0_Basic23,0,0,0,0,0,0,0,427.867,86.2,284.6,284.267,224.067,181,192.467,108,170.467,129.8,90.9333,78.5333,93.8667,200,251.2,130.933,146.733,127.133,154.6,171.267,87.6,198.733,71,182.2,184.6,141.667,186.733,184.933,174.667,85.4667,183.533,270.133,167.6,183.4,234.333,172.933,203.067,108,157.467,165.133,170.667,148.267,199.333,185.533,211.4,136.867,167.467,196.933,216.867,158,115.267,214,160.933,164.6,183.8,144.067,163.467,183.8,210.733,148.267,168,240.733,172.533,76.8,183.2,220.533,172.933,57.6,231,201.667,153.733,182.4,172.867,86.5333,182.667,221.333,135.2,114.6,269,163.333,147.2,136.4,225.667,163.333,57.6,259.667,255.133,138.8,96,213.267,209.533,160.867,101,
MACHINE timeMakingDevicesByGroup 0_Basic23,0,0,0,0,0,0,0,0,0,0,0,111.733,67.8667,65.6,44.6,94.4,75.4,64.4,49.8,53.7333,90.5333,107.2,62.5333,72.1333,57.6667,58.2667,56.6,26.8,56.2667,25.7333,66.1333,59.2,51.2,66.8,63.9333,58.6,31.6667,65.5333,92.8667,49.6667,59.3333,71.4,52.3333,60.8,30.9333,39.8667,44.9333,47.8667,36.7333,50.6667,47.6,53,34.9333,42,49.2667,55.8667,39.6,30.6,53.4,40.2667,42.6,46.2667,36,42.6,45.6,52.8,37.2,42,60,47.2667,19.2,45.6,55.2667,43.2,14.4,61.9333,50.4,38.4667,45.6,43.2,21.6667,45.6667,60.0667,33.6667,28.8,67.2,40.8,42.2,35.9333,60.6,43.2667,14.4,64.8667,65.5333,35.8667,24,52.8,53.2,40.8,25.4,
FACTORY timeMakingDevicesByGroup 0_Basic23,0,0,0,0,0,0,0,0,0,0,0,0,0,0,0,0,0,0,0,0,31.8667,39.6667,15.2667,22.9333,20.7333,22.9333,26.6,13.3333,30.0667,12.2,29.4,34.8,27.4,28.8667,27.5333,23.8667,13.0667,31.6,50.0667,24.7333,28.4,32.8,29.2,29.0667,17.7333,17.0667,23.2,21.6667,18.7333,26.6667,24.6,23.7333,14.6,22.3333,20.6,23.2667,17.2,11.2667,21.0667,14.0667,16.3333,16.2667,12.6667,15.2,15.5333,16.2,11.2,14.7333,19.1333,13.8,5.93333,14.6667,17.5333,11.5333,4,19.2,14.0667,12.6667,11.6,13.6,5.86667,13.7333,16.6667,9.2,9,20.0667,10.4,11.9333,10,16.9333,15.6,3.6,18.4,18,13.3333,6,13.2667,16.2667,13.8,10.1333,
INDUSTRY timeMakingDevicesByGroup 0_Basic23,0,0,0,0,0,0,0,0,0,0,0,0,0,0,0,0,0,0,0,0,0,0,0,0,0,0,0,0,0,0,5.2,6.93333,1.73333,5.2,2.8,3.46667,4.93333,7.73333,8.66667,3.46667,8.06667,9.53333,5.2,7.26667,1.6,6.86667,4.2,6.13333,4.13333,6.6,3.13333,4.93333,3.33333,3.13333,5.73333,3.2,5.33333,1.73333,4.26667,4.33333,2.8,4.66667,2.66667,2.73333,4.93333,3.73333,2.93333,2.66667,5.06667,1.2,2.2,4.8,4.13333,2.93333,0,4.66667,3.53333,3.2,5.53333,2.4,1.4,3,3.46667,2.93333,1.8,5.46667,1.73333,4.06667,2.4,4.13333,1.8,0,8.13333,4.46667,2.93333,0,6.4,2.4,2.46667,0.733333,
DEVMACHINE timeMakingDevicesByGroup 0_Basic23,0,0,0,0,0,0,0,0,0,0,0,0,0,0,0,0,0,0,0,0,0,0,0,0,0,0,0,0,0,0,0,0,0,0,0,0,0,0,0,0,0,0,0,0,0,0,0,0,0,0,0,0,0,0,0,0,0,0,0,0,0,0,0,0,0,0,0,0,0,0,0,0,0,0,0,0,0,0,0,0,0,0,0,0,0,0,0,0,0,0,0,0,0,0,0,0,0,0,0,0,
DEVFACTORY timeMakingDevicesByGroup 0_Basic23,0,0,0,0,0,0,0,0,0,0,0,0,0,0,0,0,0,0,0,0,0,0,0,0,0,0,0,0,0,0,0,0,0,0,0,0,0,0,0,0,0,0,0,0,0,0,0,0,0,0,0,0,0,0,0,0,0,0,0,0,0,0,0,0,0,0,0,0,0,0,0,0,0,0,0,0,0,0,0,0,0,0,0,0,0,0,0,0,0,0,0,0,0,0,0,0,0,0,0,0,

timeGatheringWithoutDevicePerActiveAgent_Basic23,601,608,603.6,605.067,603.2,605.333,601.867,0,0.466667,45.8,0,0,0,0,0,0,0,0,0,0,0,0,0,0,0,0,0,0,0,0,0,0,0,0,0,0,0,0,0,0,0,0,0,0,0,0,0,0,0,0,0,0,0,0,0,0,0,0,0,0,0,0,0,0,0,0,0,0,0,0,0,0,0,0,0,0,0,0,0,0,0,0,0,0,0,0,0,0,0,0,0,0,0,0,0,0,0,0,0,0,
timeGatheringWithoutDeviceByGroup 0_Basic23,601,608,603.6,605.067,603.2,605.333,601.867,0,0.466667,45.8,0,0,0,0,0,0,0,0,0,0,0,0,0,0,0,0,0,0,0,0,0,0,0,0,0,0,0,0,0,0,0,0,0,0,0,0,0,0,0,0,0,0,0,0,0,0,0,0,0,0,0,0,0,0,0,0,0,0,0,0,0,0,0,0,0,0,0,0,0,0,0,0,0,0,0,0,0,0,0,0,0,0,0,0,0,0,0,0,0,0,


